,actual,actual_1,forecast,forecast_1,rolling_std,rolling_std_1,z-score,z-score_1,1,1_1,7_1,year_even,difference
0,-0.15686274509803924,-0.17647058823529413,1.7,0.0,3.888785352157087,-2.568298247710295,-0.3570443329944113,-0.03288110750727756,72.940002,-3.4065929758011264,-0.04737706561139249,0,-1.8568627450980393
1,1.2549019607843137,-0.15686274509803924,2.3,1.7,3.10984507068059,0.2549769267550056,1.2240970297546836,-0.3550543644704607,75.43,0.07835653626892755,1.2292448470734405,0,-1.0450980392156861
2,-0.7843137254901962,1.2549019607843137,2.3,2.3,3.5382220325348652,-0.31053712453192006,-1.229937801543323,1.2260869982786344,78.519997,0.1973244150353061,0.6365290644513947,0,-3.084313725490196
3,-0.6470588235294118,-0.7843137254901962,1.8,2.3,3.8016344172505914,0.00046642341273141354,-0.8999633168136301,-1.2279478330193725,80.199997,0.3449592277879561,0.6480487784481916,0,-2.447058823529412
4,0.29411764705882354,-0.6470588235294118,1.5,1.8,3.7718655459824784,0.191704966831461,0.1519688915748985,-0.8979733482896793,84.410004,0.4252267767287645,1.039576292058757,0,-1.2058823529411764
5,0.5686274509803921,0.29411764705882354,0.9,1.5,3.481770709384417,0.17009263608749303,0.6173296945348709,0.15395886009884918,81.599998,0.6263737665583168,0.3911311975493497,0,-0.3313725490196079
6,0.9411764705882353,0.5686274509803921,1.6,0.9,3.6641589220529998,-0.04051748410172496,0.8413083118697663,0.6193196630588215,84.940002,0.4921164486244083,-0.6758868001011603,0,-0.6588235294117648
7,-0.13725490196078433,0.9411764705882353,2.2,1.6,3.630927755221296,0.09189715602663219,-0.4661873700326522,0.843298280393717,85.300003,0.6516961715604188,0.3917091313434508,0,-2.3372549019607844
8,-1.235294117647059,-0.13725490196078433,0.5,2.2,4.12328936063371,0.06777118356008238,-1.1553189976484464,-0.46419740150870153,90.019997,0.6688964083974663,0.3639962031806909,0,-1.735294117647059
9,-1.9019607843137258,-1.235294117647059,-0.3,0.5,4.892937086590561,0.4252278625844683,-1.395165040715314,-1.1533290291244958,86.620003,0.8944097116089685,1.1541336195415446,0,-1.6019607843137258
10,-1.1176470588235294,-1.9019607843137258,1.1,-0.3,4.758238469573938,0.9839954779202801,-1.0058041269680607,-1.3931750721913634,84.510002,0.73196376827953,-1.1302122306234796,0,-2.2176470588235295
11,-1.0784313725490198,-1.1176470588235294,-0.9,1.1,4.903801864601865,0.8862036928203657,-0.625687128730331,-1.00381415844411,87.16999799999998,0.6311515012958067,-0.5399956628205009,0,-0.17843137254901975
12,-0.411764705882353,-1.0784313725490198,-1.5,-0.9,4.896465948812346,0.9918833542769364,0.013104698319315858,-0.6236971602063803,88.150002,0.7582415960055411,0.9417481702949987,0,1.088235294117647
13,-0.019607843137254898,-0.411764705882353,-0.1,-1.5,4.2184658995249125,0.9865574473278605,0.13218852649048454,0.015094666843266527,87.730003,0.8050645240008923,0.44176800651086273,0,0.0803921568627451
14,-0.5686274509803921,-0.019607843137254898,-0.1,-0.1,4.1912155610023065,0.4943264461033583,-0.3898455139612874,0.1341784950144352,89.160004,0.7849976845439929,-0.412585554832137,0,-0.46862745098039216
15,-1.3333333333333335,-0.5686274509803921,-1.5,-0.1,4.38748219369606,0.47454258114820635,-0.8201442953555197,-0.38785554543733675,82.199997,0.8533207055278654,-0.31042815999699647,0,0.16666666666666652
16,0.411764705882353,-1.3333333333333335,-1.2,-1.5,4.440925374493268,0.6170330149163779,0.70568728947161,-0.8181543268315691,78.690002,0.5207833826106797,-1.874798381613192,0,1.611764705882353
17,-0.4901960784313726,0.411764705882353,-0.7,-1.2,4.104875150354759,0.6558329979253458,-0.20655357808372696,0.7076772579955605,76.519997,0.35308177817943376,-0.9691998101678074,0,0.20980392156862737
18,-0.19607843137254904,-0.4901960784313726,-1.4,-0.7,3.3883043046051893,0.41185906538173506,0.26555970159293096,-0.20456360955977626,73.25,0.2494026219060409,-1.0190484201125716,0,1.203921568627451
19,0.1568627450980392,-0.19607843137254904,0.1,-1.4,3.5232883228683685,-0.10837450277552374,0.32072362066256677,0.2675496701168817,71.480003,0.0931677146240182,1.154218085458925,0,0.05686274509803921
20,-0.25490196078431376,0.1568627450980392,-0.1,0.1,3.4317920930174317,-0.01037551512231933,-0.10332270104467588,0.3227135891865174,70.769997,0.008600261753431886,-1.4907742963638908,0,-0.15490196078431376
21,1.6666666666666667,-0.25490196078431376,0.7,-0.1,4.1050135643669154,-0.0768021781810126,1.6246704850295097,-0.10133273252072522,73.220001,-0.025322620004465314,0.0999541464390311,0,0.9666666666666668
22,-0.19607843137254904,1.6666666666666667,0.9,0.7,3.8724747392411234,0.41195955455995714,-0.23707746969718904,1.6266604535534603,76.07,0.09173441331409223,0.27682426436484164,0,-1.0960784313725491
23,-0.5490196078431373,-0.19607843137254904,0.0,0.9,3.658727631129144,0.2431353504385319,-0.4415081745001732,-0.2350875011732384,70.309998,0.2279025289175183,0.5379511304117873,0,-0.5490196078431373
24,-1.3333333333333335,-0.5490196078431373,-4.6,0.0,4.046435019079926,0.08795401506049086,-0.28643841672987724,-0.4395182059762225,64.129997,-0.04730059157900337,-2.577139977849403,0,3.266666666666666
25,-1.411764705882353,-1.3333333333333335,-4.3,-4.6,4.383949720459297,0.3694312744703112,-0.3921010633780915,-0.2844484482059265,65.43,-0.34257055153242383,-1.1039685966016568,0,2.8882352941176466
26,-0.47058823529411764,-1.411764705882353,-2.0,-4.3,4.374305139624515,0.6144684238961291,0.05463332827876631,-0.3901110948541408,68.699997,-0.28045861437426994,-0.3374170314378209,0,1.5294117647058822
27,0.6666666666666667,-0.47058823529411764,1.8,-2.0,4.283265534188096,0.6074664160265357,0.42216290034405773,0.05662329680271698,62.700001,-0.1242237070922479,1.0919444558439444,0,-1.1333333333333333
28,1.4117647058823528,0.6666666666666667,2.0,1.8,4.821754678726219,0.5413712642899693,0.9557514551687957,0.4241528688680084,50.32,-0.4108933336247816,-2.1242409603930548,0,-0.5882352941176472
29,0.9215686274509803,1.4117647058823528,2.0,2.0,4.9852737683556105,0.9323167384726049,0.5305825132174827,0.9577414236927464,43.779999,-1.0023887718121396,-3.973967987167976,0,-1.0784313725490198
30,0.4509803921568628,0.9215686274509803,2.3,2.0,5.005542382744805,1.0510323127445942,0.10591990775015132,0.5325724817414332,47.0,-1.3148589208243056,-3.936167919085379,0,-1.849019607843137
31,-0.07843137254901962,0.4509803921568628,1.4,2.3,5.0098992913122435,1.0657474154421707,-0.17553961953830544,0.10790987627410199,47.48,-1.1610127375761188,-0.4510492271164878,0,-1.4784313725490195
32,-0.17647058823529413,-0.07843137254901962,1.1,1.4,4.999242366841624,1.0689105501184113,-0.20716579661847975,-0.17354965101435477,51.650002,-1.1380791521644593,1.9961664803481403,0,-1.2764705882352942
33,-0.17647058823529413,-0.17647058823529413,1.0,1.1,4.299259978605197,1.0611735763414036,-0.21700454911291886,-0.20517582809452906,45.349998,-0.9388435333440601,1.1769566827892248,0,-1.1764705882352942
34,0.13725490196078433,-0.17647058823529413,0.9,1.0,4.305695664061169,0.5529833008934089,0.09243179181525055,-0.2150145805889682,47.970001,-1.2398470329853049,-0.4341389739223416,0,-0.7627450980392156
35,1.2549019607843137,0.13725490196078433,0.7,0.9,4.6196139809873,0.5576556366828948,1.0838497568624876,0.09442176033920122,47.849998,-1.114667735945087,-2.180396692834071,0,0.5549019607843138
36,-0.25490196078431376,1.2549019607843137,1.8,0.7,4.068578785440111,0.7855617077896125,-0.45828333479113986,1.0858397253864382,45.279999,-1.120401275632911,2.6846021019481707,0,-2.054901960784314
37,-0.09803921568627452,-0.25490196078431376,1.0,1.8,3.2164703975292257,0.3855077457003809,-0.18093910492140203,-0.4562933662671892,47.490002,-1.2431914664128692,-2.3207832996661626,0,-1.0980392156862746
38,-0.07843137254901962,-0.09803921568627452,0.3,1.0,3.0416677044414997,-0.23312667088113648,0.01661641225955852,-0.17894913639745136,49.389999,-1.137601273578444,1.2143923111255444,0,-0.3784313725490196
39,-0.7843137254901962,-0.07843137254901962,0.4,0.3,3.3936103060149536,-0.3600341906161878,-0.8424585075309726,0.01860638078350919,44.360001,-1.046822641325533,0.04060517456876479,0,-1.1843137254901963
40,-0.07843137254901962,-0.7843137254901962,-1.4,0.4,2.8046903356320603,-0.1045223225446051,0.4955883365852554,-0.8404685390070219,47.139999,-1.2871474095619442,-2.2850517972187485,0,1.3215686274509804
41,1.1372549019607843,-0.07843137254901962,0.7,-1.4,2.9696444027505837,-0.5320807968652775,1.5472156226843534,0.49757830510920603,51.099998,-1.1543238229426875,1.621442215525863,1,0.4372549019607843
42,0.0588235294117647,1.1372549019607843,2.1,0.7,2.9171384899755735,-0.41232342265986316,-0.2764555050351226,1.549205591208304,47.119999,-0.9651217910747987,0.89799587301183,1,-2.0411764705882356
43,1.0196078431372548,0.0588235294117647,1.1,2.1,3.2159639678367413,-0.4504429449852854,1.182554180308321,-0.27446553651117195,45.950001,-1.155279389001507,-2.108082414856584,1,-0.08039215686274526
44,1.0392156862745099,1.0196078431372548,2.8,1.1,3.4046759290449624,-0.23349434105290623,0.7470926617433785,1.1845441488322717,48.849998,-1.2111799078858214,0.020917004312226078,1,-1.76078431372549
45,1.2352941176470589,1.0392156862745099,2.8,2.8,3.6008837299145933,-0.09648863182591166,0.9219418969478879,0.7490826302673292,47.400002,-1.0726229726919532,1.7657194777381633,1,-1.564705882352941
46,0.7450980392156864,1.2352941176470589,3.1,2.8,3.6142290346838166,0.04595908978062748,0.31177619798270856,0.9239318654718386,47.700001,-1.14190132084313,-0.9949199370864693,1,-2.354901960784314
47,-0.21568627450980396,0.7450980392156864,2.9,3.1,3.46904056249598,0.05564783941288018,-0.7346096135839151,0.3137661665066592,43.959999,-1.1275678777391456,-0.35805064279588117,1,-3.115686274509804
48,-0.03921568627450982,-0.21568627450980396,0.9,2.9,3.399766034730785,-0.04975962642194442,-0.08093537243193544,-0.7326196450599644,42.279999,-1.3062588262949328,-1.80162662728386,1,-0.9392156862745098
49,-0.3137254901960785,-0.03921568627450982,1.0,0.9,3.477677734385753,-0.10005323657293796,-0.4176456340449349,-0.07894540390798477,39.639999,-1.386526375235742,-0.8606998502401483,1,-1.3137254901960784
50,-0.03921568627450982,-0.3137254901960785,0.1,1.0,3.4677737160106834,-0.04348900185264054,0.100611665758271,-0.4156556655209843,41.080002,-1.5126610949998696,-1.162615819644152,1,-0.1392156862745098
51,0.21568627450980396,-0.03921568627450982,1.2,0.1,3.000037878548748,-0.050679362511212744,0.17393672794577236,0.10260163428222167,42.889999,-1.443860195429982,0.26142739084444033,1,-0.984313725490196
52,0.47058823529411764,0.21568627450980396,1.2,1.2,2.901553920146092,-0.3902576262951781,0.5318536044615655,0.17592669646972303,45.529999,-1.3573816104417573,1.802902524303796,1,-0.7294117647058823
53,0.37254901960784315,0.47058823529411764,3.1,1.2,2.678647329371956,-0.4617574108454002,-0.1225689759747875,0.5338435729855161,41.5,-1.2312468906776297,0.8918393944053119,1,-2.727450980392157
54,0.1568627450980392,0.37254901960784315,1.6,3.1,2.6547127904916565,-0.6235885706979825,-0.005374885166850075,-0.12057900745083684,43.830002,-1.4237934037513857,-1.1714731862577994,1,-1.443137254901961
55,0.9215686274509803,0.1568627450980392,2.0,1.6,2.6029121220570457,-0.64096515061015,1.0481239747107673,-0.0033849166428994043,44.790001,-1.3124698623423485,0.4671605145882725,1,-1.0784313725490198
56,0.5882352941176471,0.9215686274509803,2.3,2.0,2.410001257386821,-0.6785726624598392,0.4849886703880138,1.0501139432347182,43.939999,-1.2666027392973325,0.35006034500743743,1,-1.7117647058823526
57,0.6274509803921569,0.5882352941176471,1.8,2.3,2.00989974120526,-0.8186267939654445,0.8611885689958012,0.48697863891196447,45.75,-1.307214392353752,-0.6351072577710545,1,-1.1725490196078432
58,-0.05882352941176472,0.6274509803921569,2.4,1.8,1.9270600940449685,-1.1091022446803436,-0.7662807903456033,0.8631785375197519,49.369999,-1.220735616252316,1.3314641904804008,1,-2.458823529411765
59,-1.0980392156862746,-0.05882352941176472,1.1,2.4,2.689823695923492,-1.1692441908434008,-1.7233189419909767,-0.7642908218216525,49.880001,-1.0477782073843522,1.8447373850466953,1,-2.1980392156862747
60,-0.5882352941176471,-1.0980392156862746,-1.3,1.1,2.894927643414608,-0.6154744796982896,-0.25126036047244454,-1.721328973467026,50.610001,-1.023411177327858,-0.7530336461089928,1,0.711764705882353
61,-1.235294117647059,-0.5882352941176471,-0.1,-1.3,3.4705143274404864,-0.4665681167345178,-1.2306902289976582,-0.2492703919484939,49.540001,-0.9885330161809591,0.5149711848610061,1,-1.135294117647059
62,0.3921568627450981,-1.235294117647059,-1.6,-0.1,3.5087228963878525,-0.04868966662626845,0.9693906699612237,-1.2287002604737076,52.77,-1.0396558003277838,0.26678117201221185,1,1.992156862745098
63,-1.03921568627451,0.3921568627450981,0.1,-1.6,3.85001967724212,-0.020950078453548175,-0.9501069650732991,0.9713806384851744,53.400002,-0.8853319296067934,0.25807131284430945,1,-1.1392156862745102
64,-0.9411764705882353,-1.03921568627451,-1.8,0.1,3.9658676302426,0.22683287721313258,-0.44950473797894597,-0.9481169965493483,50.599998,-0.8552315031973843,0.6837719060820374,1,0.8588235294117648
65,-0.9215686274509804,-0.9411764705882353,-1.1,-1.8,4.013490508348816,0.3109389977881483,-0.561645888349869,-0.4475147694549954,47.369999,-0.9890109425452774,-1.3598302041273311,1,0.17843137254901964
66,-0.9019607843137256,-0.9215686274509804,-1.8,-1.1,4.052038394625,0.34551341558657156,-0.402037978986549,-0.5596559198259183,48.580002,-1.1433348132662675,-1.3693645346709187,1,0.8980392156862744
67,-0.7450980392156863,-0.9019607843137256,-2.8,-1.8,3.5187377213306394,0.3734993496241219,-0.057124486589158856,-0.40004801046259836,44.389999,-1.0855229233727999,0.39060602479988993,1,2.0549019607843135
68,-0.7254901960784313,-0.7450980392156863,-1.9,-2.8,3.0662755020619787,-0.01367927174216657,-0.26470536063876526,-0.055134518065208186,46.830002,-1.285714156030321,-1.8925139834999911,1,1.1745098039215685
69,-0.5294117647058825,-0.7254901960784313,-1.9,-1.9,2.3604057175653383,-0.3421688219139457,-0.0016971540331002415,-0.2627153921148146,48.970001,-1.1691349535194757,1.5470267916080218,1,1.3705882352941174
70,0.8235294117647058,-0.5294117647058825,-1.1,-1.9,3.1514667100006646,-0.8546333727971941,1.5056315491171584,0.00029281449085042884,49.790001,-1.0668894330041292,0.7800485709719572,1,1.923529411764706
71,0.1568627450980392,0.8235294117647058,0.9,-1.1,3.2469449510503723,-0.2803196323404999,0.15805837941424705,1.507621517641109,51.810001,-1.0277112245925444,0.04013153176141666,1,-0.7431372549019608
72,0.3137254901960785,0.1568627450980392,0.7,0.9,3.4670199412070386,-0.2110020117349477,0.37166551641806633,0.16004834793819775,50.200001,-0.9311990526518099,0.8432970221171414,1,-0.3862745098039215
73,-1.823529411764706,0.3137254901960785,1.1,0.7,3.8685503509947767,-0.0512266063155249,-1.9577805033674114,0.37365548494201695,49.060001,-1.0081221203867516,-0.26342385410561,1,-2.923529411764706
74,-0.13725490196078433,-1.823529411764706,-1.5,1.1,3.6540139821596433,0.24028622740716477,0.3294314592608923,-1.9557905348434608,51.810001,-1.0625893857394433,-0.2225785087722154,1,1.3627450980392157
75,-0.25490196078431376,-0.13725490196078433,-0.8,-1.5,3.58198353717686,0.08453188529203937,0.05257088381670918,0.331421427784843,50.0,-0.9311990526518099,0.8710653627460888,1,0.5450980392156863
76,-1.3333333333333335,-0.25490196078431376,-1.5,-0.8,3.7457450608131424,0.032237467187224915,-0.9546806762670151,0.05456085234065985,52.73,-1.017677828753246,-1.238249144788188,1,0.16666666666666652
77,-1.0980392156862746,-1.3333333333333335,-2.6,-1.5,3.8005880725184737,0.15112904960857637,-0.46753628124452323,-0.9526907077430645,54.950001,-0.887243061724432,1.5696405209432376,1,1.5019607843137255
78,0.37254901960784315,-1.0980392156862746,-1.4,-2.6,3.9586116329599768,0.19094531597943296,0.795916265993456,-0.4655463127205727,55.610001,-0.781175181417203,1.0504820914478266,1,1.772549019607843
79,0.37254901960784315,0.37254901960784315,0.5,-1.4,4.078426241341211,0.3056711120246271,0.40671838570488444,0.7979062345174066,54.57,-0.7496415014761711,-0.5848845229505302,1,-0.12745098039215685
80,-0.37254901960784315,0.37254901960784315,2.0,0.5,4.028638013327114,0.39265704175545824,-0.6179757002199334,0.40870835422883506,54.220001,-0.7993309843130698,-0.26441110199155626,1,-2.372549019607843
81,-0.09803921568627452,-0.37254901960784315,1.0,2.0,4.018696833853511,0.356510570453089,-0.15178048979762473,-0.6159857316959828,57.610001,-0.8160533425641019,0.3409964561258187,1,-1.0980392156862746
82,0.07843137254901962,-0.09803921568627452,0.9,1.0,3.6806928695559473,0.3492932306744463,0.05022585319763714,-0.14979052127367407,58.91,-0.6540848955942559,1.7932984179285971,1,-0.8215686274509804
83,-0.019607843137254898,0.07843137254901962,1.6,0.9,3.635681754249375,0.10390087423007875,-0.20717199883213416,0.052215821721587806,57.549999,-0.591973149549314,-0.027112242152616196,1,-1.619607843137255
84,-0.9607843137254903,-0.019607843137254898,1.7,1.6,3.5831571485932825,0.07122260764754518,-1.2805108788469648,-0.20518203030818347,57.0,-0.6569516893273192,-1.414355818778031,1,-2.6607843137254905
85,0.17647058823529413,-0.9607843137254903,0.8,1.7,2.9015539201460907,0.03308951420869826,0.23499781944153078,-1.2785209103230142,57.900002,-0.6832297081665428,0.09373261633646167,1,-0.6235294117647059
86,-0.35294117647058826,0.17647058823529413,0.8,0.8,2.8950846536008483,-0.4617574108454012,-0.4946733674902835,0.23698778796548148,58.950001,-0.6402291399630751,0.22393882556235278,1,-1.1529411764705884
87,0.019607843137254898,-0.35294117647058826,1.6,0.8,2.931128648066329,-0.46645412665257485,-0.19515864691646775,-0.49268339896633295,57.77,-0.5900619696533725,0.589089793016194,1,-1.5803921568627453
88,0.23529411764705888,0.019607843137254898,-0.4,1.6,2.453939319098616,-0.44028602902113606,0.7628657969735477,-0.19316867839251706,57.57,-0.6464404149020053,-0.1832341825252316,1,0.6352941176470589
89,-0.9215686274509804,0.23529411764705888,0.7,-0.4,2.2994564575133825,-0.7867275689860493,-1.5672663386667467,0.7648557654974982,55.009998,-0.655996075490197,-0.41346025256740077,1,-1.6215686274509804
90,-0.9019607843137256,-0.9215686274509804,-2.1,0.7,2.4133467269007203,-0.8988828021752561,-0.5540101738533322,-1.5652763701427959,56.650002,-0.7783086265756542,-1.0795282705868496,1,1.1980392156862745
91,-1.1372549019607845,-0.9019607843137256,-1.5,-2.1,2.5439619541656704,-0.8161979684659134,-1.0814013164020526,-0.5520202053293816,57.279999,-0.6999520186392721,0.7361666183698075,1,0.3627450980392155
92,-0.47058823529411764,-1.1372549019607845,-1.7,-1.5,2.5496880379585822,-0.7213707421856749,0.0265512736779874,-1.079411347878102,57.32,-0.6698518311213778,0.46105080592617065,1,1.2294117647058824
93,0.07843137254901962,-0.47058823529411764,-0.4,-1.7,2.6056320119729444,-0.7172135803072316,0.4760094134534233,0.02854124220193807,59.32,-0.6679406512254364,-0.07658262103639617,0,0.47843137254901963
94,0.5490196078431373,0.07843137254901962,1.2,-0.4,2.8667767773074138,-0.6765980104846213,0.6479856760036647,0.47799938197737396,59.32,-0.5723840453435212,0.9861765555694076,0,-0.6509803921568627
95,-0.25490196078431376,0.5490196078431373,2.2,1.2,2.831358491800517,-0.4870057686548152,-0.7539258336733721,0.6499756445276155,58.919998,-0.5723840453435212,-0.2199323972842343,0,-2.454901960784314
96,-0.9411764705882353,-0.25490196078431376,1.4,2.2,2.8211323752684616,-0.5127195988455916,-1.505949689633262,-0.7519358651494215,56.150002,-0.5914954620765102,-0.8250282019939906,0,-2.341176470588235
97,0.27450980392156865,-0.9411764705882353,0.4,1.4,2.8658252817390215,-0.5201438041749309,0.4842723614597376,-1.5039597211093114,56.880001,-0.7238411701097509,-0.713833429486842,0,-0.12549019607843137
98,0.29411764705882354,0.27450980392156865,1.4,0.4,3.002574652769609,-0.4876965585991266,0.22591816058681732,0.4862623299836883,54.900002,-0.6889630567411548,0.14856860159330043,0,-1.1058823529411763
99,0.4313725490196079,0.29411764705882354,1.5,1.4,3.1522358587343846,-0.3884159171154702,0.36258098614986406,0.22790812911076797,56.759998,-0.7835640487859479,-0.45813758126940923,0,-1.0686274509803921
100,0.411764705882353,0.4313725490196079,1.8,1.5,3.22377531362334,-0.2797612269957105,0.2566030158294932,0.3645709546738147,55.610001,-0.6946965964289784,0.6123936228004148,0,-1.388235294117647
101,0.6274509803921569,0.411764705882353,1.2,1.8,3.2284131574430663,-0.22782326984651133,0.6685127316947618,0.25859298435344386,57.349998,-0.7496415014761711,-0.539429361593471,0,-0.5725490196078431
102,0.0980392156862745,0.6274509803921569,1.9,1.2,2.955375174870768,-0.2244561749483531,-0.16734819065318482,0.6705027002187125,58.119999,-0.6665073976938136,0.5452285090482275,0,-1.8019607843137253
103,0.019607843137254898,0.0980392156862745,0.6,1.9,2.3304798569471394,-0.4226829445114678,0.09952856690071935,-0.16535822212923415,58.709999,-0.6297180566509732,0.4450767222994564,0,-0.580392156862745
104,1.2549019607843137,0.019607843137254898,1.3,0.6,2.698975675505374,-0.8763596784959656,1.7058763312706726,0.10151853542467001,56.970001,-0.6015288579158081,0.15249911553514722,0,-0.045098039215686336
105,0.3921568627450981,1.2549019607843137,2.4,1.3,2.694930706929496,-0.6088301024928444,0.11040893980944713,1.7078662997946232,57.369999,-0.6846630094764685,-0.8068398782388104,0,-2.007843137254902
106,0.21568627450980396,0.3921568627450981,1.0,2.4,2.6556971349774185,-0.6117667673708466,0.259981503832378,0.1123989083333978,59.439999,-0.6655517838566914,0.16207633437881733,0,-0.7843137254901961
107,-0.607843137254902,0.21568627450980396,1.4,1.0,2.853227837188802,-0.6402505122081533,-1.0228541978002712,0.26197147235632867,60.060001,-0.5666506967689092,0.5580324750526464,0,-2.007843137254902
108,0.19607843137254902,-0.607843137254902,0.1,1.4,2.185212006911804,-0.4968423584413859,0.6101329182695178,-1.0208642292763204,60.560001,-0.5370280533889097,0.4914851530483673,0,0.09607843137254901
109,0.19607843137254902,0.19607843137254902,0.9,0.1,2.1904752493880904,-0.9818247729952579,0.3226034728381194,0.6121228867934685,60.389999,-0.5131389019184308,0.012199539736622871,0,-0.703921568627451
110,0.37254901960784315,0.19607843137254902,0.6,0.9,2.193516617560749,-0.9780036359370636,0.7504825062915396,0.32459344136207013,57.889999,-0.5212613089749993,-0.0037846503308924776,0,-0.22745098039215683
111,0.19607843137254902,0.37254901960784315,1.0,0.6,2.1877067001910024,-0.975795589341354,0.28726316452510553,0.7524724748154902,57.080002,-0.6407070663273934,-1.0789141222238354,0,-0.803921568627451
112,-0.13725490196078433,0.19607843137254902,0.7,1.0,2.2583179581272423,-0.9800136147632512,-0.20823885818220383,0.2892531330490562,54.91,-0.6794073483746603,-0.16754861130347062,0,-0.8372549019607842
113,0.29411764705882354,-0.13725490196078433,0.2,0.7,2.1731662419500983,-0.9287495326614785,0.7578368633024867,-0.20624888965825314,52.59,-0.7830863613131444,-1.39300402371669,0,0.09411764705882353
114,-0.5490196078431373,0.29411764705882354,-0.4,0.2,2.442365966670743,-0.9905700510433156,-0.5157812849864377,0.7598268318264373,53.27,-0.8939320241361657,-1.277931859519383,0,-0.14901960784313728
115,-0.5294117647058825,-0.5490196078431373,-1.1,-0.4,2.6393869811688537,-0.7951298734683029,-0.24254331584291253,-0.5137913164624871,52.470001,-0.8614427781363145,0.6635151288229518,0,0.5705882352941176
116,0.1568627450980392,-0.5294117647058825,-1.5,-1.1,1.9035055380358976,-0.6520917552106474,1.281502969119083,-0.24055334731896183,55.23,-0.8996653727107777,-0.9719706192370379,0,1.656862745098039
117,0.21568627450980396,0.1568627450980392,-1.2,-1.5,1.8377151492266064,-1.1863449015290843,1.3286292935036572,1.2834929376430337,53.799999,-0.767797304372038,1.8236640777294049,0,1.415686274509804
118,-0.5686274509803921,0.21568627450980396,-0.9,-1.2,1.9790378745973776,-1.2341090115591378,-0.47010431628347066,1.330619262027608,49.990002,-0.8361203253559102,-0.8712225035036724,0,0.3313725490196079
119,-1.1568627450980393,-0.5686274509803921,-1.8,-0.9,2.4459459346337797,-1.1315080948215357,-1.0593112525658357,-0.46811434775951993,52.220001,-1.0181555162260498,-1.8066359130605065,0,0.6431372549019607
120,-1.1764705882352942,-1.1568627450980393,-1.1,-1.8,2.8430004423410686,-0.7925308010690469,-1.1365791727625616,-1.057321284041885,52.869999,-0.9116099484460171,1.2085159748664882,0,-0.07647058823529407
121,-0.09803921568627452,-1.1764705882352942,-1.1,-1.1,2.7723745428892905,-0.5042674918334983,0.38879416443538894,-1.134589204238611,53.59,-0.8805541470910007,0.27128962158373465,0,1.0019607843137255
122,1.2549019607843137,-0.09803921568627452,-1.4,-1.1,3.4589694559174258,-0.555542203739591,1.934629003575025,0.3907841329593396,53.860001,-0.8461537211952082,-0.3523032330155165,0,2.6549019607843136
123,-0.7254901960784313,1.2549019607843137,-0.9,-1.4,3.4912444599007784,-0.05707129384705823,-0.46101550822398096,1.936618972098976,55.849998,-0.8332535316228469,0.6255319874842267,0,0.17450980392156867
124,-0.7647058823529412,-0.7254901960784313,-1.9,-0.9,3.5640885612912694,-0.03363949979048382,-0.2765438212311575,-0.45902553970003035,54.389999,-0.73817485210525,0.9385639348100435,0,1.1352941176470588
125,-0.33333333333333337,-0.7647058823529412,-1.1,-1.9,3.4324211792137564,0.019245636425103074,0.03356800332707878,-0.2745538527072069,54.080002,-0.807931126620745,-1.0823520641178828,0,0.7666666666666667
126,0.6274509803921569,-0.33333333333333337,0.1,-1.1,3.7025380320515113,-0.0763454588509788,0.8110774541996535,0.03555797185102945,51.110001,-0.8227422571975331,-0.06970311801398692,0,0.5274509803921569
127,0.4901960784313726,0.6274509803921569,1.3,0.1,3.8280860001105537,0.1197605577483978,0.3946862061928172,0.8130674227236042,52.049999,-0.9646438647104804,-1.176822889341509,0,-0.8098039215686275
128,-0.5490196078431373,0.4901960784313726,0.7,1.3,3.8252351878576354,0.21090893168192998,-0.567100257803415,0.3966761747167679,54.509998,-0.9197323555025859,0.812563793776364,0,-1.2490196078431373
129,-0.6666666666666667,-0.5490196078431373,-2.6,0.7,3.801544741844087,0.20883922951740677,-0.014273155849848573,-0.5651102892794644,54.400002,-0.802197778046133,0.33353771243354363,0,1.9333333333333333
130,0.019607843137254898,-0.6666666666666667,-1.5,-2.6,3.803935362545509,0.19163986209411574,0.47975330435025587,-0.012283187325897902,54.73,-0.8074532002564268,0.2618447366399308,0,1.5196078431372548
131,-0.27450980392156865,0.019607843137254898,-0.4,-1.5,3.521449426103697,0.19337546317946325,-0.0571073502704659,0.4817432728742065,55.360001,-0.7916864558425167,-0.03408889427873995,0,0.12549019607843137
132,0.4313725490196079,-0.27450980392156865,0.5,-0.4,3.232645975048922,-0.01171056221645174,0.5949231574956387,-0.05511738174651523,57.419998,-0.7615860772114105,0.6475536991810665,0,-0.06862745098039208
133,-0.25490196078431376,0.4313725490196079,1.5,0.5,3.2464899460335563,-0.22138313085297184,-0.49314275182317696,0.5969131260195893,58.950001,-0.6631629164879466,0.7483759537285335,0,-1.7549019607843137
134,-0.03921568627450982,-0.25490196078431376,1.5,1.5,2.4717801216323765,-0.2113323473672605,-0.288304346970346,-0.49115278329922635,58.389999,-0.5900619696533725,0.41202396690197834,0,-1.5392156862745099
135,0.803921568627451,-0.03921568627450982,1.1,1.5,2.676100736428871,-0.7737750683143001,1.1062865230114338,-0.28631437844639535,59.040001,-0.6168179148569146,-0.09210761897571397,0,-0.2960784313725491
136,0.21568627450980396,0.803921568627451,1.7,1.1,2.4282429113174886,-0.6254374083129699,0.061870376144117806,1.1082764915353844,60.16,-0.5857619223886865,0.11084571257501363,0,-1.484313725490196
137,-0.823529411764706,0.21568627450980396,1.1,1.7,2.6983019351683626,-0.8053832734262937,-1.3117379166417598,0.06386034466806847,62.580002,-0.5322502708731169,0.2579830222080692,0,-1.9235294117647062
138,-1.607843137254902,-0.823529411764706,-0.5,1.1,3.385385256264541,-0.6093192409243255,-1.607710155696193,-1.309747948117809,61.299999,-0.4166266821993935,1.1556183303044558,0,-1.107843137254902
139,0.019607843137254898,-1.607843137254902,-1.9,-0.5,3.2298208037354685,-0.11049374463819045,0.6682061773472466,-1.6057201871722424,62.580002,-0.4777830532987281,-0.6160505525063,0,1.9196078431372547
140,0.03921568627450982,0.019607843137254898,-0.8,-1.9,3.207224326234116,-0.22343421758329493,0.429011158785018,0.6701961458711972,63.740002,-0.4166266821993935,0.5554465513332201,0,0.8392156862745098
141,-1.0000000000000002,0.03921568627450982,-1.4,-0.8,3.361141580962148,-0.23983935908192394,-0.6871820756199225,0.4310011273089687,67.83000200000001,-0.36120385078788286,0.4405620800036984,1,0.3999999999999997
142,-0.607843137254902,-1.0000000000000002,0.4,-1.4,3.3884384532576584,-0.12809475894490102,-0.6357088431042358,-0.6851921070959719,69.75,-0.16579059175936578,1.4555405203217777,1,-1.007843137254902
143,0.33333333333333337,-0.607843137254902,-1.1,0.4,3.497910631774172,-0.10827711026709079,0.7934076211272141,-0.6337188745802852,69.690002,-0.07405634566933342,0.524137875066774,1,1.4333333333333336
144,0.7647058823529412,0.33333333333333337,0.9,-1.1,3.671965867669977,-0.02879982985384616,0.7967958841840836,0.7953975896511648,70.400002,-0.07692294828918467,-0.1709109056861167,1,-0.1352941176470588
145,0.33333333333333337,0.7647058823529412,2.5,0.9,3.7448955157977935,0.09756503269063632,-0.013961570057530443,0.7987858527080344,74.0,-0.04300035320110506,0.6678014907952897,1,-2.1666666666666665
146,0.19607843137254902,0.33333333333333337,2.2,2.5,3.774395396094665,0.15051227621168653,-0.09710932105410137,-0.011971601533579774,73.980003,0.12900144182973639,0.753917764403721,1,-2.003921568627451
147,0.0,0.19607843137254902,1.8,2.2,3.4882812473489087,0.17192931833401826,-0.2369004384748757,-0.0951193525301507,75.349998,0.1280460191058259,-0.34309321742645604,1,-1.8
148,-0.019607843137254898,0.0,1.1,1.8,3.4423718919408226,-0.035790805063663056,-0.10311232155885766,-0.23491046995092507,78.019997,0.19350205524342323,0.7817395039769047,1,-1.119607843137255
149,-0.25490196078431376,-0.019607843137254898,1.1,1.1,3.2966465973590173,-0.06912119788862499,-0.3911600177448084,-0.10112235303490698,76.860001,0.3210700763174773,0.19462141774986988,1,-1.3549019607843138
150,0.3137254901960785,-0.25490196078431376,0.8,1.1,2.3719957074926663,-0.17491839912942886,0.5263300060317463,-0.38917004922085774,76.910004,0.26564743601917795,0.19839303292920119,1,-0.48627450980392156
151,0.1568627450980392,0.3137254901960785,1.8,0.8,2.38192371961417,-0.846218989417567,-0.06774530895214304,0.5283199745556969,75.16999799999998,0.2680364945011348,-0.3244405027373143,1,-1.6431372549019607
152,0.23529411764705888,0.1568627450980392,2.0,1.8,2.402823465438234,-0.8390112091941396,-0.002282783014801099,-0.06575534042819237,77.489998,0.18490196071404988,-0.9632713505204744,1,-1.7647058823529411
153,0.3921568627450981,0.23529411764705888,1.6,2.0,1.7729448195962934,-0.8238379023144003,0.5392871751497731,-0.00029281449085042884,79.980003,0.29574762353707257,1.2880375148868912,1,-1.207843137254902
154,0.21568627450980396,0.3921568627450981,1.3,1.6,1.283697311627155,-1.2811325541637104,0.39212008547113153,0.5412771436737237,80.699997,0.41471583675157153,0.6523692084897654,1,-1.084313725490196
155,0.13725490196078433,0.21568627450980396,0.9,1.3,1.276002279849772,-1.6363283848238146,0.39469508914338935,0.39411005399508214,76.41999799999998,0.44911592819924334,-0.2189042638302701,1,-0.7627450980392156
156,-0.6274509803921569,0.13725490196078433,0.7,0.9,1.4662619965150292,-1.6419150115507841,-1.6369841092659132,0.39668505766733997,78.290001,0.24462483939024687,-1.0967779629189571,1,-1.3274509803921568
157,1.0392156862745099,-0.6274509803921569,1.4,0.7,2.010634605081568,-1.5037856250923967,1.8344829667701101,-1.6349941407419626,79.66999799999998,0.33397040922474763,0.7531039124009254,1,-0.36078431372549
158,0.4901960784313726,1.0392156862745099,1.9,1.4,2.0726940454540324,-1.1085687302919909,0.5318110785071312,1.836472935294061,77.260002,0.39990432394835906,0.16224654584791456,1,-1.4098039215686273
159,0.5686274509803921,0.4901960784313726,1.1,1.9,2.128646603745291,-1.0635133051455246,0.9583448507262767,0.5338010470310818,76.0,0.2847588049738641,-1.0543316136854795,1,-0.531372549019608
160,-0.17647058823529413,0.5686274509803921,1.4,1.1,2.182349998316382,-1.0228915031003414,-0.5371987563134923,0.9603348192502273,73.559998,0.2245580477116516,-0.6188026593730822,1,-1.576470588235294
161,-0.05882352941176472,-0.17647058823529413,-1.6,1.4,2.101712865663853,-0.9839026037534095,0.7847870997499444,-0.5352087877895418,74.129997,0.10797889297910884,0.09756718251125537,1,1.5411764705882354
162,0.3921568627450981,-0.05882352941176472,-1.5,-1.6,2.112785752593868,-1.0424455147504559,1.5958537917135613,0.7867770682738952,75.300003,0.1352124778771522,0.29060988460675546,1,1.892156862745098
163,-1.1176470588235294,0.3921568627450981,-1.4,-1.5,2.9030809130781714,-1.0344065504085873,-0.9519426958381756,1.5978437602375122,73.790001,0.19111337898789027,-0.21577890699730573,1,0.2823529411764705
164,-0.8431372549019608,-1.1176470588235294,-0.9,-1.4,3.2221181627223814,-0.46064880729793717,-0.6424210726791528,-0.9499527273142249,72.83000200000002,0.11896804599043842,-0.517477242438184,1,0.056862745098039236
165,-0.5098039215686275,-0.8431372549019608,-0.1,-0.9,3.2586830394371207,-0.22902636864866666,-0.41934008617207846,-0.6404311041552021,73.08000200000002,0.07310092294542292,-0.6265967728086993,1,-0.40980392156862755
166,-1.03921568627451,-0.5098039215686275,-1.5,-0.1,3.5369371272930823,-0.2024801082260272,-0.6768993219030763,-0.4173501176481278,73.629997,0.08504549868066232,0.3980102385886429,1,0.4607843137254899
167,-0.35294117647058826,-1.03921568627451,-2.4,-1.5,3.517876425552004,-0.00046642341273141354,0.2990118082126134,-0.6749093533791256,77.41999799999998,0.1113233264066734,0.32709899398783016,1,2.0470588235294116
168,-0.7843137254901962,-0.35294117647058826,-2.3,-2.4,3.5715627680415483,-0.014304576244597937,-0.21026525554080044,0.30100177673656414,75.129997,0.29240314233120446,0.9927599892044725,1,1.5156862745098036
169,-0.9019607843137256,-0.7843137254901962,-1.5,-2.3,3.09088346691696,0.024671943216548458,-0.5922153279011216,-0.20827528701684975,78.33000200000002,0.1829907808181098,-0.7347113854525317,1,0.5980392156862744
170,0.27450980392156865,-0.9019607843137256,-1.2,-1.5,2.9641289793226955,-0.3243033317987235,0.8897300630095955,-0.5902253593771709,78.489998,0.3358815891206897,0.720273369136298,1,1.4745098039215687
171,0.019607843137254898,0.27450980392156865,1.3,-1.2,2.641739555442186,-0.41632764419191143,-0.12379420435075074,0.8917200315335462,74.32,0.34352592647803015,-0.12769318051794387,1,-1.2803921568627452
172,-1.1960784313725492,0.019607843137254898,1.7,1.3,2.8345273776320195,-0.6503837759985008,-1.940998421481877,-0.12180423582680007,64.599998,0.1442904987708425,-1.2366056006068749,1,-2.8960784313725494
173,0.6470588235294119,-1.1960784313725492,-0.4,1.7,3.2588341473600644,-0.5104189738718236,1.0704260745483798,-1.9390084529579261,68.83000200000001,-0.320114701371871,-3.7677766743467247,1,1.047058823529412
174,-0.607843137254902,0.6470588235294119,0.7,-0.4,2.966517701401304,-0.20237040321305305,-0.8003522793027676,1.0724160430723304,65.18,-0.11801228881840817,1.8322702324173104,1,-1.307843137254902
175,0.8627450980392156,-0.607843137254902,0.5,0.7,3.4406218606349035,-0.4145934215150305,1.0575442139512412,-0.7983623107788169,68.75,-0.2924031901095093,-0.9014076384386356,1,0.3627450980392156
176,-0.9607843137254903,0.8627450980392156,-1.9,0.5,3.4830324648953743,-0.07039172827102264,-0.506983304355463,1.0595341824751918,67.57,-0.12183464861029102,0.9117380160206088,1,0.9392156862745096
177,-1.4901960784313728,-0.9607843137254903,-3.1,-1.9,3.849793382885514,-0.03960144408209401,-0.7671028259832896,-0.5049933358315123,65.769997,-0.17821304608062133,-0.5881800273449547,1,1.6098039215686273
178,-1.607843137254902,-1.4901960784313728,-1.6,-3.1,4.132456529680254,0.22666858652046876,-1.1149364395686105,-0.765112857459339,65.440002,-0.2642141347092533,-0.3785424830743205,1,-0.007843137254901933
179,0.19607843137254902,-1.607843137254902,1.1,-1.6,4.258351864989623,0.43188326740769334,0.11223544337545541,-1.1129464710446597,61.84,-0.2799807357882545,-1.1802938258955487,1,-0.9039215686274511
180,-1.0980392156862746,0.19607843137254902,1.0,1.1,4.3387175175355335,0.5232838314842806,-1.063590541170959,0.11422541189940608,58.799999,-0.4519827219323079,-1.2921990116551798,1,-2.0980392156862746
181,0.07843137254901962,-1.0980392156862746,0.4,1.0,4.357882096114621,0.5816296467365201,0.12684400044005947,-1.0616005726470081,63.48,-0.5972288106511221,0.2758836674872813,1,-0.3215686274509804
182,-1.0980392156862746,0.07843137254901962,1.3,0.4,4.318766308130416,0.5955432146071188,-1.1227361222741983,0.12883396896401014,67.190002,-0.37362630510913775,1.308908358163739,1,-2.398039215686275
183,0.7450980392156864,-1.0980392156862746,0.5,1.3,4.652760666333679,0.5671449814456521,0.6719704472071296,-1.1207461537502477,69.040001,-0.19636870564157866,0.9613246962147541,1,0.2450980392156864
184,0.17647058823529413,0.7450980392156864,1.4,0.5,4.578076875587377,0.8096263463283109,0.03354535059192795,0.6739604157310802,69.129997,-0.1079788929791102,0.8964509083563681,1,-1.2235294117647058
185,-0.45098039215686275,0.17647058823529413,0.7,1.4,4.291076011134424,0.755405587593958,-0.41808083835205084,0.03553531911587862,70.66999799999998,-0.10367903682763581,-0.04047496653242609,1,-1.1509803921568627
186,-0.3921568627450981,-0.45098039215686275,-1.3,0.7,4.282619914647263,0.5470417047145281,0.001697154033100236,-0.4160908698281003,70.66999799999998,-0.03010040252025934,-0.009427601825713589,1,0.907843137254902
187,-1.3921568627450982,-0.3921568627450981,-0.3,-1.3,3.9602571082742037,0.5409025416795092,-1.201444575690117,0.0036871225570509064,65.349998,-0.03010040252025934,0.14488843526209896,1,-1.0921568627450982
188,0.5882352941176471,-1.3921568627450982,-0.2,-0.3,4.277734815473623,0.30686573429974845,0.7156337261559802,-1.1994546071661663,69.650002,-0.2842809741661528,-2.1435502624928784,1,0.7882352941176471
189,0.07843137254901962,0.5882352941176471,-0.8,-0.2,4.016132241574994,0.5373559383129625,0.3745731651978741,0.7176236946799309,71.0,-0.07883408040682327,2.2903491057289442,1,0.8784313725490197
190,-0.5490196078431373,0.07843137254901962,-2.2,-0.8,3.5001623338977237,0.34743132546320926,0.03224345268657274,0.37656313372182476,67.110001,-0.014333466993136413,-0.13894630071464278,1,1.6509803921568629
191,-2.2549019607843137,-0.5490196078431373,-2.8,-2.2,4.470780556891468,-0.0271650842636357,-1.4010095622837555,0.03423342121052341,67.660004,-0.2001910176551587,-1.6637639766496766,1,0.5450980392156861
192,0.5882352941176471,-2.2549019607843137,-2.9,-2.8,4.5929788313745314,0.6775079909272645,1.124434556819024,-1.3990195937598047,68.610001,-0.17391280770272302,0.9108569645451657,1,3.488235294117647
193,0.2549019607843138,0.5882352941176471,-1.4,-2.9,4.636637692435014,0.7662244726737208,0.5730998573680792,1.1264245253429745,70.739998,-0.1285235632437223,0.2177171357576245,0,1.6549019607843136
194,0.803921568627451,0.2549019607843138,0.9,-1.4,4.715994705319977,0.7979209967590929,0.6458889167386402,0.57508982589203,71.08000200000002,-0.026755921314391275,0.535187957813387,0,-0.09607843137254901
195,-0.8431372549019608,0.803921568627451,2.9,0.9,4.580682428978406,0.855534535205889,-1.111816865543736,0.647878885262591,71.449997,-0.010511107201252888,-0.186582815093255,0,-3.743137254901961
196,0.5294117647058825,-0.8431372549019608,0.9,2.9,4.692442343973461,0.7572972307520345,0.415684424558648,-1.109826897019785,71.629997,0.0071666259953855034,0.26388485511071536,0,-0.37058823529411755
197,0.6470588235294119,0.5294117647058825,3.2,0.9,4.858567877284604,0.8384354178548195,0.1262955828201268,0.41767439308259857,71.33000200000002,0.015766720524758197,0.36917383563025796,0,-2.552941176470588
198,-0.11764705882352944,0.6470588235294119,2.9,3.2,4.844576786719789,0.9590432816398433,-0.4551145531705666,0.12828555134407746,74.199997,0.0014334685339865122,-0.5987698947650759,0,-3.0176470588235293
199,-0.21568627450980396,-0.11764705882352944,1.8,2.9,4.415563041073807,0.9488856886954481,-0.38954346743436613,-0.4531245846466159,73.989998,0.1385569590830189,0.8809431819410485,0,-2.015686274509804
200,0.13725490196078433,-0.21568627450980396,0.9,1.8,4.3123501291481,0.6374198329328481,0.0922353484690054,-0.38755349891041546,75.599998,0.12852356324372094,-0.0929470593380952,0,-0.7627450980392156
201,0.6470588235294119,0.13725490196078433,1.4,0.9,4.440609772487912,0.5624868074413572,0.458869589500875,0.09422531699295607,75.82,0.20544663097866264,0.6905530254833341,0,-0.752941176470588
202,-0.019607843137254898,0.6470588235294119,1.0,1.4,4.362304089549118,0.6556038694890746,-0.07077133128672158,0.4608595580248256,73.32,0.2159579531822789,-0.38144197740198604,0,-1.0196078431372548
203,0.17647058823529413,-0.019607843137254898,2.2,1.0,2.401136094738185,0.5987536011815126,-0.16531585228533904,-0.06878136276277091,74.720001,0.09651219582988489,-0.44146990253713814,0,-2.0235294117647062
204,-0.411764705882353,0.17647058823529413,2.4,2.2,2.484177200530662,-0.8250629408228708,-1.1696294761574162,-0.16332588376138837,73.91999799999998,0.16340186772552864,0.04688324307126997,0,-2.8117647058823527
205,1.2156862745098038,-0.411764705882353,2.8,2.4,2.9544522129809225,-0.7647747348117058,1.1047880245693622,-1.1676395076334654,71.739998,0.12517908203785286,-0.22239295367577713,0,-1.584313725490196
206,1.5882352941176472,1.2156862745098038,2.1,2.8,3.5008656938049767,-0.42335301888035354,1.508452952506581,1.1067779930933128,70.949997,0.021022381626566326,-0.6991405641627313,0,-0.5117647058823529
207,0.37254901960784315,1.5882352941176472,2.1,2.1,3.002524190602218,-0.026654441894609048,0.14768445768428767,1.510442921030532,69.0,-0.016722525475093297,-0.13856851953564905,0,-1.727450980392157
208,0.5882352941176471,0.37254901960784315,1.5,2.1,3.0107257757839214,-0.3884525528697078,0.5893285700868004,0.14967442620823837,69.139999,-0.10989007287505162,-0.9577307833977324,0,-0.9117647058823529
209,0.607843137254902,0.5882352941176471,2.7,1.5,3.0031675197223264,-0.382498166155635,0.3040880031326086,0.5913185386107511,69.83000200000001,-0.10320115824162035,0.284206642161992,0,-2.092156862745098
210,0.37254901960784315,0.607843137254902,2.3,2.7,2.895607959400832,-0.38798549311471137,0.10034045166233917,0.30607797165655926,71.639999,-0.07023398587745057,0.2557380327851191,0,-1.9274509803921567
211,0.5490196078431373,0.37254901960784315,2.0,2.3,2.7106272336859587,-0.46607420435294766,0.45622063187708173,0.10233042018628984,66.839996,0.01624459911077366,0.2891149523966601,0,-1.4509803921568627
212,0.23529411764705888,0.5490196078431373,1.5,2.0,2.6845799852061942,-0.6003710202920653,0.14013711651275443,0.45821060040103245,65.279999,-0.21309139834073185,-1.2694115230376775,0,-1.2647058823529411
213,0.0,0.23529411764705888,0.8,1.5,2.764863413799982,-0.6192814366140299,-0.00654999703411844,0.1421270850367051,64.699997,-0.2876254075937167,-1.063007124730852,0,-0.8
214,0.2549019607843138,0.0,0.2,0.8,2.6854687531681347,-0.5609953163106631,0.5482964999539346,-0.004560028510167769,64.150002,-0.31533691885607834,0.22524135664399353,0,0.05490196078431381
215,-0.19607843137254904,0.2549019607843138,-1.1,0.2,2.8313183565900237,-0.6186361871863609,0.24169236649437828,0.5502864684778853,63.18,-0.34161474658209007,-0.7385978297635475,0,0.9039215686274511
216,-0.21568627450980396,-0.19607843137254904,-1.6,-1.1,2.7051578120100097,-0.5127487371839533,0.37037508275154635,0.24368233501832895,64.150002,-0.3879597959914249,0.25981079132905455,0,1.384313725490196
217,0.3921568627450981,-0.21568627450980396,-1.0,-1.6,2.4076897011387683,-0.6043418443510029,1.2335036193188764,0.372365051275497,65.940002,-0.34161474658209007,-0.32818381400177793,0,1.392156862745098
218,-0.19607843137254904,0.3921568627450981,-0.5,-1.0,1.5794849563299809,-0.8203049939118332,0.16343132588690426,1.2354935878428273,63.029999,-0.2560915843177757,0.8135215637395722,0,0.30392156862745096
219,-1.019607843137255,-0.19607843137254904,-1.6,-0.5,2.3999368678565203,-1.4215852610512898,-0.9158132948014979,0.16542129441085493,67.589996,-0.3951265892108716,-0.6837117849936272,0,0.580392156862745
220,-1.0980392156862746,-1.019607843137255,-1.3,-1.6,2.853811911153645,-0.8259335847841471,-0.9677752751418803,-0.9138233262775471,65.300003,-0.17725767113501364,1.091153363487642,0,0.20196078431372544
221,-0.33333333333333337,-1.0980392156862746,0.5,-1.3,2.6911752530120068,-0.49641831818828264,-0.4131262253086736,-0.9657853066179296,67.589996,-0.28666965042168574,-0.5021595651438283,0,-0.8333333333333334
222,0.3529411764705883,-0.33333333333333337,-0.1,0.5,2.6830980510438205,-0.614493243340577,0.7822849066148695,-0.4111362567847229,67.300003,-0.17725767113501364,0.8747697712276986,0,0.4529411764705883
223,-1.450980392156863,0.3529411764705883,-1.5,-0.1,3.10994251140474,-0.6203573272976083,-1.29379973582627,0.7842748751388202,69.910004,-0.19111304453977054,-0.5183209136533223,0,0.04901960784313708
224,-0.9019607843137256,-1.450980392156863,-0.6,-1.5,3.121224992618356,-0.31046638213999994,-0.8125853951375718,-1.2918097673023194,71.379997,-0.0664116260855684,0.967844401543446,0,-0.30196078431372564
225,-0.9019607843137256,-0.9019607843137256,-2.0,-0.6,3.15233198913074,-0.3022752514315116,-0.45715101427487953,-0.8105954266136212,71.989998,0.003822144789518797,0.5484382574793184,0,1.0980392156862744
226,-1.235294117647059,-0.9019607843137256,0.1,-2.0,3.1358508583892517,-0.27969143590750045,-1.4082512296801195,-0.4551610457509289,71.860001,0.03296695736180573,0.02274030886510931,0,-1.3352941176470592
227,0.5686274509803921,-1.235294117647059,-1.1,0.1,3.527382066409058,-0.2916568089111174,1.0528738210419655,-1.4062612611561687,72.099998,0.02675592131438992,0.08561095745328128,0,1.6686274509803922
228,-1.627450980392157,0.5686274509803921,-4.9,-1.1,3.852586694991333,-0.007403439406531735,-0.5429966638359702,1.054863789565916,71.269997,0.038222570685311034,-0.30739153424546434,0,3.272549019607843
229,0.21568627450980396,-1.627450980392157,-1.8,-4.9,3.750262617066929,0.2286965433267033,0.7585530331177441,-0.5410066953120195,74.349998,-0.0014334685339865122,0.1595295507980672,0,2.015686274509804
230,1.4901960784313726,0.21568627450980396,-0.2,-1.8,4.8716480317706194,0.1544088152077476,1.3635141468661174,0.7605430016416947,75.379997,0.14572375230246565,0.6598230292551158,0,1.6901960784313725
231,-0.6470588235294118,1.4901960784313726,1.7,-0.2,4.807254618771194,0.9685395310067708,-0.7027076638750002,1.365504115390068,73.190002,0.1949353565533492,0.0684900565593575,0,-2.347058823529412
232,-0.27450980392156865,-0.6470588235294118,1.6,1.7,4.702191623127034,0.9217896315247831,-0.3845765644761815,-0.7007176953510494,73.790001,0.09030111200416695,-0.5680148146716073,0,-1.8745098039215686
233,0.1568627450980392,-0.27450980392156865,1.3,1.6,4.7723556853904725,0.8455134371617857,0.030760172199626214,-0.38258659595223077,73.120003,0.11896804599043842,0.02830783371968649,0,-1.1431372549019607
234,0.3921568627450981,0.1568627450980392,1.4,1.3,4.7864312637312825,0.8964528532491565,0.21052234187426305,0.03275014072357688,74.300003,0.08695667857660239,-0.06709612139796979,0,-1.007843137254902
235,0.9803921568627452,0.3921568627450981,2.0,1.4,4.804062359245053,0.9066717846884572,0.6008102417398792,0.21251231039821375,72.110001,0.14333507604693269,0.620598683287017,0,-1.0196078431372548
236,-0.5686274509803921,0.9803921568627452,1.9,2.0,4.704511052428748,0.919472037146476,-0.6840039311029343,0.6028002102638298,71.660004,0.038700497049629315,-1.301172421033885,0,-2.4686274509803923
237,0.17647058823529413,-0.5686274509803921,1.8,1.9,4.546418837109514,0.8471973529795673,-0.034871076031228236,-0.6820139625789837,71.68,0.017200404061107403,0.30382907623273775,0,-1.6235294117647059
238,0.03921568627450982,0.17647058823529413,2.5,1.8,4.114902701452883,0.7324217131928576,-0.3012819468960989,-0.03288110750727756,68.589996,0.01815577900671508,-0.516809012391169,0,-2.4607843137254903
239,-0.47058823529411764,0.03921568627450982,0.8,2.5,4.104644449962269,0.4191391113375535,-0.4736399074365544,-0.29929197837214827,70.449997,-0.12947936819405603,-0.8041322767475345,0,-1.2705882352941176
240,-0.23529411764705882,-0.47058823529411764,0.5,0.8,3.2264062003562053,0.41169157588774824,-0.2290286874313129,-0.47164993891260376,69.650002,-0.0406116769455721,0.6279760848847963,0,-0.7352941176470589
241,-0.6470588235294118,-0.23529411764705882,-0.4,0.5,3.4014257260297427,-0.22591323457145854,-0.4952892739605236,-0.2270387189073622,70.629997,-0.07883408040682327,0.07124375112579065,0,-0.24705882352941178
242,-0.019607843137254898,-0.6470588235294118,-2.6,-0.4,2.470599853550475,-0.09884829343072411,1.0427348792841247,-0.4932993054365729,72.120003,-0.032011582416199405,-0.06767231941275641,0,2.5803921568627453
243,-0.37254901960784315,-0.019607843137254898,-0.9,-2.6,2.355441797329336,-0.774631948104026,-0.06811490962848842,1.0447248478080753,73.309998,0.03917837563564478,0.3752367512462061,0,0.5274509803921569
244,-0.29411764705882354,-0.37254901960784315,-1.6,-0.9,2.3596353082370127,-0.8582372005997645,0.29697645517456744,-0.06612494110453775,70.639999,0.09603431724386943,0.12819320194900877,0,1.3058823529411765
245,-2.3529411764705883,-0.29411764705882354,-0.7,-1.6,4.0627651428627525,-0.8551926933391808,-2.0393204818219717,0.2989664236985181,73.089996,-0.031533703830183946,-0.8884400251410491,1,-1.6529411764705884
246,0.07843137254901962,-2.3529411764705883,0.9,-0.7,3.9649219488668455,0.38128701576146423,0.04412560150067307,-2.037330513298021,73.190002,0.08552299504025318,1.2759284615495166,1,-0.8215686274509804
247,-0.37254901960784315,0.07843137254901962,2.0,0.9,3.3837736689123044,0.310252428973122,-0.7291011530412398,0.04611557002462375,73.83000200000002,0.09030111200416695,-0.35165315458302543,1,-2.372549019607843
248,0.37254901960784315,-0.37254901960784315,1.9,2.0,3.5648430625493264,-0.11166376410468741,0.16281931988820791,-0.7271111845172892,76.040001,0.12087922588638052,0.41568873062058753,1,-1.5274509803921568
249,0.9803921568627452,0.37254901960784315,2.9,1.9,4.009760818076537,0.019793407638495842,0.5509786943997919,0.16480928841215858,78.160004,0.22646922760759303,0.5554023960601556,1,-1.9196078431372547
250,0.33333333333333337,0.9803921568627452,2.7,2.9,4.0868136065332665,0.34280564413594883,-0.054031214637322175,0.5529686629237426,77.58000200000002,0.32775937317733184,0.4019377243843578,1,-2.3666666666666667
251,-0.05882352941176472,0.33333333333333337,2.4,2.7,4.079215610874228,0.3987463055696126,-0.3803959531901474,-0.052041246113371506,78.480003,0.3000478619149715,0.08824905354417928,1,-2.458823529411765
252,0.6274509803921569,-0.05882352941176472,1.9,2.4,4.263019274332844,0.39323012748897895,0.3692289344608548,-0.37840598466619674,77.309998,0.3430483823401351,0.14549048110489332,1,-1.272549019607843
253,0.03921568627450982,0.6274509803921569,2.4,1.9,4.1905647988467285,0.52667239108181,-0.2777860399854833,0.3712189029848055,76.449997,0.28714752900769985,-0.5153727854033108,1,-2.3607843137254902
254,0.5686274509803921,0.03921568627450982,0.9,2.4,4.300836775523686,0.47407012497694817,0.4931223489967394,-0.27579607146153257,78.449997,0.2460581407001735,0.16619905769026125,1,-0.3313725490196079
255,0.33333333333333337,0.5686274509803921,2.3,0.9,4.296395599978562,0.554128062352838,0.019805394049067965,0.49511231752069,79.0,0.34161474658208874,0.06330941394666796,1,-1.9666666666666663
256,-0.4313725490196079,0.33333333333333337,1.8,2.3,4.324875195256558,0.5509037494822308,-0.5961407682929233,0.021795362573018638,78.660004,0.3678929565345244,0.17551596866690045,1,-2.231372549019608
257,0.47058823529411764,-0.4313725490196079,1.5,1.8,2.1060518857460635,0.5715800602183283,0.6343766677643914,-0.5941507997689727,78.839996,0.3516485246478106,-0.0650416726352656,1,-1.0294117647058822
258,0.3529411764705883,0.47058823529411764,1.8,1.5,2.093424047445774,-1.0392953671927319,0.301771295726129,0.636366636288342,78.730003,0.3602482369507594,0.25920800067917477,1,-1.4470588235294117
259,-0.11764705882352944,0.3529411764705883,1.6,1.8,1.9367850587084687,-1.048463233030478,-0.560459030400639,0.30376126425007965,78.68,0.3549929580753745,-0.7544247967387645,1,-1.7176470588235295
260,-0.411764705882353,-0.11764705882352944,1.2,1.6,2.185264008736425,-1.1621838239625744,-0.894855936574191,-0.5584690618766883,75.07,0.3526038995934183,0.46586002644628965,1,-1.611764705882353
261,0.0,-0.411764705882353,1.8,1.2,1.830610926340266,-0.9817870194431371,-0.4198437790156517,-0.8928659680502403,76.510002,0.1801242259765607,-1.5596537362388172,1,-1.8
262,1.1372549019607843,0.0,1.2,1.8,2.3406810715661117,-1.2392667084471256,1.805070035994377,-0.4178538104917011,77.599998,0.24892507776814587,0.9578706507933775,1,-0.06274509803921569
263,-0.13725490196078433,1.1372549019607843,2.1,1.2,2.3646384822029685,-0.8689535520644409,-0.6640473324475816,1.8070600045183276,80.57,0.30100323686057784,-0.10956558144281925,1,-2.2372549019607844
264,-0.29411764705882354,-0.13725490196078433,0.5,2.1,2.362378744683701,-0.8515603671569761,-0.39947944743708125,-0.662057363923631,81.019997,0.44290489215182755,1.080833467560555,1,-0.7941176470588236
265,-0.23529411764705882,-0.29411764705882354,-0.4,0.5,2.4200394437056003,-0.8532009464796216,-0.0025146136759916318,-0.3974894789131307,83.230003,0.4644049851403501,0.07410343087566275,1,0.1647058823529412
266,0.411764705882353,-0.23529411764705882,-0.8,-0.4,2.3589128209770065,-0.8113390267929143,1.2265357676471318,-0.0005246451520409614,82.160004,0.5699953213096837,0.24054143195307243,1,1.211764705882353
267,-1.411764705882353,0.411764705882353,-0.8,-0.8,3.18685748129103,-0.8557172222499656,-1.3862698627664107,1.2285257361710826,80.400002,0.5188725849411622,-0.03277633075414245,1,-0.611764705882353
268,0.3137254901960785,-1.411764705882353,-1.4,-0.8,3.1678307270356973,-0.2546257775912672,0.9291490861310088,-1.3842798942424601,80.650002,0.43478267620847094,-0.788345079259978,1,1.7137254901960783
269,-0.11764705882352944,0.3137254901960785,0.5,-1.4,3.081272857804453,-0.26843928440000264,-0.08569676967930265,0.9311390546549594,81.449997,0.4467272519437104,-0.1499415630293462,1,-0.6176470588235294
270,-0.17647058823529413,-0.11764705882352944,-1.9,0.5,3.0185662862097997,-0.33128067604935957,0.45800343688152406,-0.08370680115535198,78.379997,0.48494965540496154,0.37512684338384583,1,1.7235294117647058
271,-2.196078431372549,-0.17647058823529413,-2.6,-1.9,4.333615958149415,-0.37680592129356255,-1.4261806718578114,0.45999340540547473,78.82,0.338270265376222,-0.6226879723943153,1,0.4039215686274509
272,-2.11764705882353,-2.196078431372549,-2.9,-2.6,5.129681896924639,0.5779258923089583,-1.1034118103753021,-1.4241907033338608,81.599998,0.3592928620051517,0.1049813056658161,1,0.78235294117647
273,-1.5294117647058827,-2.11764705882353,-1.9,-2.9,5.3363249185524335,1.1558732456990912,-0.7685587389227261,-1.1014218418513515,81.58000200000002,0.4921164486244083,0.4991936646038131,1,0.3705882352941172
274,-0.7254901960784313,-1.5294117647058827,-2.5,-1.9,4.616858107834676,1.3058969832177059,-0.08575237668820646,-0.7665687703987754,83.68,0.49116107367880196,0.2183589631497957,1,1.7745098039215685
275,-0.09803921568627452,-0.7254901960784313,-2.1,-2.5,4.628199139268671,0.7835609318271487,0.38810075816485395,-0.08376240816425579,82.300003,0.5914954142982063,0.2328695822344794,1,2.0019607843137255
276,-0.4313725490196079,-0.09803921568627452,-1.2,-2.1,4.6053986765205215,0.7917945702517193,-0.05187371155932291,0.3900907266888046,82.449997,0.5255614995745935,-0.11712738839500045,1,0.7686274509803921
277,-0.7254901960784313,-0.4313725490196079,-1.4,-1.2,4.546418837109514,0.7752413345717237,-0.27599598147773985,-0.04988374303537224,82.199997,0.5327279583459191,-0.0561089777480021,1,0.6745098039215686
278,-0.45098039215686275,-0.7254901960784313,-1.6,-1.4,4.196418025223921,0.7324217131928576,0.00244833051396204,-0.27400601295378924,80.209999,0.5207833826106797,-0.15828541926228157,1,1.1490196078431374
279,0.411764705882353,-0.45098039215686275,0.5,-1.6,4.426024962615661,0.47831959292767656,0.4074214766534072,0.004438299037912711,81.370003,0.42570465531477997,-0.6456869870665334,1,-0.08823529411764702
280,-0.5294117647058825,0.411764705882353,-1.9,0.5,4.156147327280471,0.6450152337306667,-0.01603057087288844,0.40941144517735784,82.769997,0.4811276778395026,0.6822110590503366,1,1.3705882352941174
281,-0.21568627450980396,-0.5294117647058825,-2.2,-1.9,4.124722212868805,0.44908289008444363,0.3448098387908462,-0.014040602348937769,83.83000200000002,0.548017015287026,0.07740737844555273,1,1.9843137254901961
282,-1.03921568627451,-0.21568627450980396,-1.2,-2.2,4.044749683231337,0.42626811957416694,-0.6543717822080614,0.3467998073147969,84.290001,0.5986622552959565,0.40845194761677844,1,0.16078431372548985
283,0.33333333333333337,-1.03921568627451,-1.0,-1.2,3.6843958429127457,0.36820771327290064,0.7302315529728194,-0.6523818136841106,83.949997,0.6206402268704933,0.19280132979072845,1,1.3333333333333335
284,0.9019607843137255,0.33333333333333337,2.4,-1.0,3.401191858835084,0.10658924908320769,0.6788262014705719,0.7322215214967701,83.089996,0.6043954127573555,-0.4020250270355971,1,-1.4980392156862745
285,1.156862745098039,0.9019607843137255,0.9,2.4,3.481117897771033,-0.0990180820369366,1.2922689778309464,0.6808161699945225,82.160004,0.5633060244498292,-0.06459105181423096,1,0.2568627450980391
286,0.607843137254902,1.156862745098039,3.4,0.9,3.4840763307924063,-0.04099142818831431,0.09997771783656649,1.294258946354897,86.900002,0.5188725849411622,-0.5576452247461576,1,-2.792156862745098
287,0.8431372549019608,0.607843137254902,2.7,3.4,3.6947956846779975,-0.03884359287518011,0.49495466970058316,0.10196768636051716,86.309998,0.7453416453246954,1.2862516901391756,1,-1.8568627450980393
288,0.6274509803921569,0.8431372549019608,1.9,2.7,3.6825962514936585,0.11413957969168831,0.43292012773897437,0.49694463822453383,87.25,0.7171522554763182,-0.2925509389837137,1,-1.272549019607843
289,0.13725490196078433,0.6274509803921569,1.7,1.9,3.4002228090987145,0.10528273784188365,-0.05790013017112549,0.434910096262925,86.879997,0.7620639557974246,0.23657325687313605,1,-1.5627450980392157
290,0.33333333333333337,0.13725490196078433,0.7,1.7,3.218930746616825,-0.09972161638397786,0.42732413881587533,-0.05591016164717482,86.620003,0.7443858403743616,-0.06675620679560706,1,-0.3666666666666666
291,-0.09803921568627452,0.33333333333333337,-0.2,0.7,3.2632944870316116,-0.23134044668244558,0.10910106403083922,0.429314107339826,87.5,0.73196376827953,0.10722199421578711,1,0.10196078431372549
292,0.411764705882353,-0.09803921568627452,0.5,-0.2,3.0130021271452527,-0.19913217710284184,0.614845650460424,0.11109103255478989,86.970001,0.774008531532664,-0.1162672507715957,1,-0.08823529411764702
293,-1.2745098039215688,0.411764705882353,-0.5,0.5,3.775880391017799,-0.38084552511098535,-1.0925051267762482,0.6168356189843747,86.599998,0.7486860787522592,-0.13308594027836884,1,-0.7745098039215688
294,-2.2549019607843137,-1.2745098039215688,-2.2,-0.5,4.9843999061313715,0.17300743114329584,-1.354494099299993,-1.0905151582522976,86.360001,0.7310079633291963,-0.10005458138020439,1,-0.05490196078431353
295,-0.7450980392156863,-2.2549019607843137,-2.4,-2.2,5.137938214002684,1.0503978849476914,-0.11107276618102636,-1.3525041307760424,85.629997,0.7195413139582751,-0.4335281317796267,1,1.6549019607843136
296,-1.0980392156862746,-0.7450980392156863,-1.9,-2.4,5.200721103847042,1.161867368009295,-0.4564490804381007,-0.10908279765707572,88.160004,0.6846629616981647,0.4052958030121357,1,0.8019607843137253
297,-1.5490196078431375,-1.0980392156862746,-2.3,-1.9,5.164410553358084,1.2074480206365847,-0.7474952902416965,-0.45445911191415006,87.339996,0.8055424025869078,0.5083067297903339,0,0.7509803921568623
298,-0.7058823529411765,-1.5490196078431375,-1.6,-2.3,4.953205267727395,1.1810864021662366,-0.20876717364604092,-0.7455053217177459,87.720001,0.766363811948899,-0.419802151517603,0,0.8941176470588236
299,-1.6862745098039216,-0.7058823529411765,-0.7,-1.6,4.791746376148608,1.0277504410270548,-1.1787701121686458,-0.20677720512209025,86.400002,0.7845198059579774,-0.0005028576983113344,0,-0.9862745098039216
300,0.019607843137254898,-1.6862745098039216,0.7,-0.7,4.479414193301563,0.9105305795507151,0.017571438846415075,-1.1767801436446952,86.650002,0.7214524938542166,-0.343924448580545,0,-0.680392156862745
301,1.0784313725490198,0.019607843137254898,2.2,0.7,5.0746846446281015,0.6837760487228594,0.6132015958610431,0.019561407370365744,83.93,0.7333970695894559,-0.01950700964682673,0,-1.1215686274509804
302,-0.09803921568627452,1.0784313725490198,2.2,2.2,4.9182406314749265,1.1159449999844002,-0.3214512941344198,0.6151915643849936,82.730003,0.6034399900334457,-0.5910746867856085,0,-2.298039215686275
303,0.47058823529411764,-0.09803921568627452,2.5,2.2,5.139943107809184,1.0023659621791683,0.08700407085820677,-0.31946132561046914,84.980003,0.5461061698392049,-0.705957147883321,0,-2.0294117647058822
304,0.019607843137254898,0.47058823529411764,2.1,2.5,4.983997118049653,1.1633229296818342,-0.20769281856866967,0.08899403938215744,86.5,0.6536073514563595,0.7022099908339807,0,-2.0803921568627453
305,-0.15686274509803924,0.019607843137254898,1.1,2.1,4.925167279115779,1.050105459038646,-0.19385839711264732,-0.20570285004471903,87.709999,0.7262302285917064,0.6739909083939655,0,-1.2568627450980394
306,0.0980392156862745,-0.15686274509803924,0.9,1.1,4.1694778395556265,1.0073947386622515,0.05903026865944578,-0.19186842858869665,87.769997,0.784041927371962,-0.04186661514067341,0,-0.8019607843137255
307,1.0392156862745099,0.0980392156862745,2.1,0.9,4.589010258379814,0.4587609003013035,0.6647265148945861,0.06102023718339645,86.550003,0.7869085299918139,-0.01986045077152932,0,-1.0607843137254902
308,0.9803921568627452,1.0392156862745099,2.4,2.1,4.661926705350548,0.7633432713217806,0.5530053973162008,0.6667164834185367,87.599998,0.7286192870736633,-0.06113142792993153,0,-1.4196078431372547
309,1.1176470588235294,0.9803921568627452,2.9,2.4,4.257640191467571,0.8162809307450498,0.6456103011102065,0.5549953658401514,87.959999,0.7787862662701539,-0.11903934921661219,0,-1.7823529411764705
310,-0.6470588235294118,1.1176470588235294,1.3,2.9,4.229442258523202,0.5227671533945475,-0.7198892613543703,0.6476002696341571,89.400002,0.7959865031072014,0.16401039741814824,0,-1.947058823529412
311,0.607843137254902,-0.6470588235294118,1.0,1.3,2.9967027334601086,0.5022953307445995,0.7490296521004063,-0.7178992928304196,89.82,0.8647874026770894,0.6731004667515401,0,-0.392156862745098
312,1.7843137254901962,0.607843137254902,1.3,1.0,3.5698548480804724,-0.3926789562168133,1.873453186073729,0.7510196206243569,91.389999,0.8848541943556854,-0.03671081162389043,0,0.48431372549019613
313,0.5098039215686275,1.7843137254901962,2.6,1.3,3.457622234303732,0.023431985854693912,0.16894969693645415,1.8754431545976795,93.260002,0.9598660821946863,0.4802035224466472,0,-2.0901960784313727
314,0.1568627450980392,0.5098039215686275,1.3,2.6,3.3767812359037315,-0.05804938263108803,0.05788461015404089,0.17093966546040482,93.610001,1.0492116520291856,0.4202829657684065,0,-1.1431372549019607
315,-0.5294117647058825,0.1568627450980392,0.9,1.3,3.7015557744703997,-0.11674030105246855,-0.6060378605113526,0.059874578677991556,94.720001,1.0659340102802177,-0.05249845767527329,0,-1.4294117647058826
316,0.0,-0.5294117647058825,-0.4,0.9,3.706617750930781,0.11904743444830504,0.23975958875857978,-0.6040478919874019,94.779999,1.1189679265446806,0.30323327214033036,0,0.4
317,-1.5882352941176472,0.0,-0.1,-0.4,4.694677837722202,0.12272245149865349,-1.2191009994517543,0.24174955728253048,93.849998,1.1218345291645326,-0.14847702362062842,0,-1.488235294117647
318,0.1568627450980392,-1.5882352941176472,-0.1,-0.1,4.689664651705339,0.8400583960940253,0.2656771672934893,-1.2171110309278037,94.75,1.077400659651139,-0.12093852183940212,0,0.2568627450980392
319,-0.8431372549019608,0.1568627450980392,-0.2,-0.1,4.804566956174472,0.8364188011190711,-0.5564009678875925,0.26766713581743995,95.360001,1.1204012278546067,0.1927670376984606,0,-0.6431372549019607
320,-0.6862745098039216,-0.8431372549019608,-1.3,-0.2,4.743192889592283,0.9198383767242441,-0.24948408476917242,-0.5544109993636419,96.510002,1.1495460404268936,-0.02474796621281677,0,0.6137254901960785
321,-0.29411764705882354,-0.6862745098039216,-0.6,-1.3,4.402031211597527,0.8752805359472106,-0.034871076031228236,-0.24749411624522177,98.980003,1.204491136587298,0.3760526029852939,0,0.30588235294117644
322,0.1568627450980392,-0.29411764705882354,-1.2,-0.6,4.330538142778633,0.627595665547449,0.4895010608085486,-0.03288110750727756,98.75,1.322503592629766,0.5668691630747372,0,1.3568627450980393
323,-0.8039215686274511,0.1568627450980392,-2.2,-1.2,4.324235788149759,0.5756913848879982,-0.2159525872962567,0.4914910293324993,100.080002,1.311514439618437,0.11652242166299408,0,1.396078431372549
324,-0.6470588235294118,-0.8039215686274511,-1.7,-2.2,3.016356923659581,0.5711158478621482,-0.21658942700281103,-0.21396261877230605,99.620003,1.3750596780865163,-0.02337284108002899,0,1.052941176470588
325,-1.647058823529412,-0.6470588235294118,-2.1,-1.7,3.1987094935680576,-0.37840992816834834,-1.3567827491789928,-0.2145994584788604,99.230003,1.353081706511979,-0.021009211948558357,0,0.4529411764705882
326,-0.9607843137254903,-1.647058823529412,-2.1,-2.1,3.0359462605536502,-0.24602116483972278,-0.5249240151564395,-1.3547927806550422,100.099998,1.3344481683650053,0.0005028576983113344,0,1.1392156862745098
327,-0.9019607843137256,-0.9607843137254903,-0.5,-2.1,3.053202491572652,-0.36418798390326174,-0.8555586301605578,-0.5229340466324889,99.82,1.376015053032124,-0.006760483680424408,0,-0.4019607843137256
328,-0.5294117647058825,-0.9019607843137256,-1.1,-0.5,2.8719648009997987,-0.35165988470803056,-0.22572557603008606,-0.853568661636607,95.129997,1.3626372237652613,-0.4639854482759074,0,0.5705882352941176
329,0.0980392156862745,-0.5294117647058825,-0.8,-1.1,2.730079363925769,-0.48323924076272584,0.5961311417975922,-0.22373560750613536,96.419998,1.1385568396372618,-0.8250414558149888,0,0.8980392156862745
330,-1.058823529411765,0.0980392156862745,-1.3,-0.8,2.5393270404148045,-0.5862486886580863,-1.0216385326015403,0.5981211103215428,97.25,1.2001908982094003,0.1027093947813377,0,0.2411764705882351
331,-0.5882352941176471,-1.058823529411765,1.1,-1.3,2.527470288768209,-0.724735709841025,-1.0262676104259125,-1.0196485640775894,98.459999,1.2398469852070007,0.29182872815087274,0,-1.6882352941176473
332,-0.35294117647058826,-0.5882352941176471,-0.9,1.1,2.5651510676761307,-0.7333437633956047,-0.034871076031228236,-1.024277641901962,97.980003,1.2976586839872561,0.09723916212660959,0,0.5470588235294118
333,-0.37254901960784315,-0.35294117647058826,-1.0,-0.9,2.54355990094532,-0.7059873530999733,-0.034871076031228236,-0.03288110750727756,95.059998,1.2747252896888084,-0.47640631286416185,0,0.6274509803921569
334,0.5490196078431373,-0.37254901960784315,-0.9,-1.0,2.875708081446544,-0.721662634582153,1.2176830759453978,-0.03288110750727756,95.589996,1.1352124062096973,-0.4260201972357445,0,1.4490196078431374
335,-1.019607843137255,0.5490196078431373,0.7,-0.9,2.928685194707168,-0.48052160278599987,-1.3717152561425252,1.2196730444693484,92.080002,1.1605348112117992,-0.06760811533067256,0,-1.719607843137255
336,-0.45098039215686275,-1.019607843137255,0.6,0.7,2.938498379661408,-0.4420599868470819,-0.5678229789515941,-1.3697252876185746,90.610001,0.9928332545588554,-0.5962527570205363,0,-1.0509803921568628
337,0.803921568627451,-0.45098039215686275,2.1,0.6,3.090846701687634,-0.4349355716493198,0.6998187221897908,-0.5658330104276434,86.870003,0.9225991014573449,-0.9620994161311551,0,-1.296078431372549
338,1.5686274509803924,0.803921568627451,2.3,2.1,4.0862203770351115,-0.3243300235160181,1.2298816596514757,0.7018086907137415,78.83000200000002,0.7439083440147695,-0.26456208964496275,0,-0.7313725490196075
339,1.2156862745098038,1.5686274509803924,2.8,2.3,4.389337977279475,0.39831561835928037,0.732230561901921,1.2318716281754263,86.18,0.35977074059116854,-1.7333531696460878,0,-1.584313725490196
340,0.23529411764705888,1.2156862745098038,3.3,2.8,4.319792363135764,0.6183803219147777,-0.2523924064359332,0.7342205304258715,86.650002,0.7109411716506003,0.6248006498866071,0,-3.064705882352941
341,-0.07843137254901962,0.23529411764705888,1.8,3.3,4.3231845024731745,0.5678899018673015,-0.2703342852644871,-0.25040243791198247,85.120003,0.7333970695894559,0.42027905321509573,0,-1.8784313725490196
342,-0.5098039215686275,-0.07843137254901962,0.7,1.8,4.061599550557749,0.5703526098628268,-0.49756906986586946,-0.2683443167405364,86.029999,0.6602963138680936,-0.11443242067540939,0,-1.2098039215686276
343,0.33333333333333337,-0.5098039215686275,-0.7,0.7,3.9256344787315673,0.38044079064995506,0.6233739068444374,-0.49557910134191874,85.989998,0.7037743784311535,-0.16235651579681568,0,1.0333333333333332
344,0.19607843137254902,0.33333333333333337,0.4,-0.7,3.8382050729238246,0.2817295538190713,0.27114663408606293,0.625363875368388,85.989998,0.7018631985352122,0.21542758104268409,0,-0.203921568627451
345,-0.9019607843137256,0.19607843137254902,1.1,0.4,4.0972551787751765,0.21825542280324312,-0.9522139711176619,0.27313660261001366,81.489998,0.7018631985352122,-0.32143352821138516,0,-2.0019607843137255
346,0.11764705882352941,-0.9019607843137256,-2.6,1.1,4.049794233455983,0.4063269326866682,0.7578755022947148,-0.9502240025937112,76.650002,0.48686083530090296,-1.005632244437233,0,2.7176470588235295
347,-0.33333333333333337,0.11764705882352941,-2.6,-2.6,3.701924151605813,0.37187007879988626,0.3458688892218864,0.7598654708186654,74.43,0.25561404017987993,-2.026513125318968,0,2.2666666666666666
348,1.2549019607843137,-0.33333333333333337,-2.4,-2.6,3.859688714093012,0.11931487785982565,1.9330284964487536,0.3478588577458371,80.25,0.14954611209434848,0.45903143879661956,0,3.6549019607843136
349,-0.5294117647058825,1.2549019607843137,0.2,-2.4,3.966326061261532,0.23385264025738803,-0.4297146362883119,1.9350184649727045,79.290001,0.4276158352107214,1.0323099551239159,0,-0.7294117647058824
350,-0.7843137254901962,-0.5294117647058825,0.9,0.2,3.557950976547477,0.3112718207129819,-0.9151970352655688,-0.4277246677643612,76.029999,0.3817487121657052,-0.3395576210840858,1,-1.6843137254901963
351,0.8823529411764707,-0.7843137254901962,1.2,0.9,3.3184059700130386,0.014789723056494524,0.9561964625321415,-0.9132070667416182,72.870003,0.22599134902157755,-1.2530739043072119,1,-0.3176470588235293
352,1.803921568627451,0.8823529411764707,2.5,1.2,4.261846235299124,-0.1591209994112981,1.3614950112178947,0.9581864310560922,77.339996,0.07501210284136298,-0.5237210220382241,1,-0.696078431372549
353,1.5686274509803924,1.803921568627451,4.2,2.5,4.742426178719713,0.5258207596126822,0.7411629356232453,1.3634849797418453,77.5,0.288580782539323,1.036282247021401,1,-2.631372549019608
354,1.0588235294117647,1.5686274509803924,4.0,4.2,4.703931302322527,0.8747239005002787,0.3479980461762069,0.7431529041471959,78.949997,0.296225502123088,-0.8563079053018746,1,-2.9411764705882355
355,0.7843137254901962,1.0588235294117647,3.7,4.0,4.738071145710899,0.8467764518667356,0.16344738585003407,0.34998801470015756,78.839996,0.3655038980525675,1.2109705870935183,1,-2.915686274509804
356,1.3333333333333335,0.7843137254901962,-1.8,3.7,4.9003633136799785,0.871562127487803,1.4831534996744167,0.16543735437398474,79.620003,0.3602482369507594,0.14397921754031426,1,3.1333333333333337
357,1.4705882352941178,1.3333333333333335,3.6,-1.8,4.499562268272395,0.9893869512680861,0.8004519406338153,1.4851434681983673,80.489998,0.3975156476928268,0.4407475467746757,1,-2.1294117647058823
358,1.843137254901961,1.4705882352941178,4.0,3.6,4.668268123482978,0.698403639275488,1.0218691377895706,0.802441909157766,78.779999,0.4390825323599454,-0.06517251651683412,1,-2.156862745098039
359,0.7058823529411765,1.843137254901961,4.5,4.0,4.272631365783713,0.8208848280453374,-0.034871076031228236,1.0238591063135214,75.300003,0.35738168210921095,-0.7151615712222869,1,-3.7941176470588234
360,1.7058823529411764,0.7058823529411765,4.0,4.5,4.398622373866481,0.5336508115165801,0.9620363363726606,-0.03288110750727756,74.860001,0.19111337898789027,-1.0629781323199572,1,-2.2941176470588234
361,1.4313725490196076,1.7058823529411764,5.0,4.0,3.6906105268107163,0.6251208344451091,0.644074932188091,0.9640263048966113,76.610001,0.17009083013726273,0.6272244708602687,1,-3.5686274509803924
362,0.7647058823529412,1.4313725490196076,4.2,5.0,2.1562277666837963,0.11110113677496657,0.1830203258930034,0.6460649007120416,77.83000200000002,0.2537028602839385,-0.015240748678048293,1,-3.435294117647059
363,1.9607843137254903,0.7647058823529412,3.3,4.2,2.2682926431903634,-1.002867458172284,2.588731116528811,0.18501029441695407,79.540001,0.31199243765021095,0.08911286097866328,1,-1.3392156862745095
364,0.07843137254901962,1.9607843137254903,3.5,3.3,2.8375725861761123,-0.9215078676782984,-0.6419696016789304,2.5907210850527616,81.230003,0.39369328790094466,0.25079658917750103,1,-3.4215686274509802
365,0.8627450980392156,0.07843137254901962,2.7,3.5,2.8260155053296585,-0.5082081391496557,0.6855431574646904,-0.6399796331549797,81.559998,0.4744387154277685,1.193871218744566,1,-1.8372549019607844
366,0.19607843137254902,0.8627450980392156,2.1,2.7,3.1685480854323447,-0.5165986303926301,-0.08429681491678064,0.6875331259886411,82.010002,0.4902053165067697,-0.2835065794356152,1,-1.903921568627451
367,-0.9411764705882353,0.19607843137254902,1.3,2.1,4.361922011724149,-0.267918479066449,-0.9683594734154403,-0.08230684639282997,82.370003,0.5117057439434127,0.2582787815829877,1,-2.2411764705882353
368,-0.607843137254902,-0.9411764705882353,-0.1,1.3,4.8666069942377375,0.5984762110094496,-0.3727619762568729,-0.9663695048914897,81.290001,0.5289059807804602,-0.5206036609207371,1,-0.507843137254902
369,-0.7058823529411765,-0.607843137254902,-1.3,-0.1,5.1902005566434335,0.9648797157093697,-0.24608734797568518,-0.3707720077329223,79.870003,0.47730531804762044,-0.3263111875638391,1,0.5941176470588235
370,-0.7254901960784313,-0.7058823529411765,-1.5,-1.3,5.121870811145143,1.1998100573519148,-0.23361699028677166,-0.2440973794517345,78.519997,0.4094602234280662,-0.23915481816128822,1,0.7745098039215687
371,-0.5490196078431373,-0.7254901960784313,-1.9,-1.5,5.272074802890483,1.1502023632589904,-0.034871076031228236,-0.23162702176282102,78.489998,0.3449592277879561,-0.4294886208217178,1,1.3509803921568626
372,-1.5098039215686276,-0.5490196078431373,-1.5,-1.9,5.3539209647668216,1.25925111822948,-0.8100240024021709,-0.03288110750727756,78.16999799999998,0.34352592647803015,-0.13619266659237486,1,-0.009803921568627638
373,-0.7058823529411765,-1.5098039215686276,-1.6,-1.5,4.930793777144534,1.3186717897310738,-0.20955756783615195,-0.8080340338782201,77.779999,0.32823686953692266,-0.06272126132904358,1,0.8941176470588236
374,-1.1372549019607845,-0.7058823529411765,-1.8,-1.6,4.885127398233303,1.0114796008403484,-0.531771396540732,-0.20756759931220126,76.91999799999998,0.30960337916825337,-0.34394635828342107,1,0.6627450980392156
375,0.29411764705882354,-1.1372549019607845,-1.9,-1.8,3.4561758513061083,0.9783256100148356,0.939346815845086,-0.5297814280167814,75.309998,0.2685139908607257,-0.06642224824142419,1,2.1941176470588233
376,-0.09803921568627452,0.29411764705882354,-0.6,-1.9,3.4011918588350825,-0.05909946301356405,0.19535385219515902,0.9413367843690366,73.709999,0.19159092312578463,-0.8142046786409107,1,0.5019607843137255
377,-1.019607843137255,-0.09803921568627452,-2.0,-0.6,2.7191102600042885,-0.09901808203693757,-0.6972164303683718,0.19734382071910972,74.160004,0.11514568619855557,-0.5307290798028494,1,0.980392156862745
378,0.3137254901960785,-1.019607843137255,-1.7,-2.0,2.8072821969537216,-0.5942123060818323,1.1366408012654559,-0.695226461844421,71.220001,0.13664616141350142,0.12028225499362959,1,2.0137254901960784
379,-1.0000000000000002,0.3137254901960785,-0.1,-1.7,2.824674827088573,-0.5301990942094484,-1.1714481045472598,1.1386307697894065,70.290001,-0.003822192567822975,-0.8129629578051384,1,-0.9000000000000002
380,-1.03921568627451,-1.0000000000000002,-1.3,-0.1,2.8905803129223946,-0.5175719686595269,-0.8746406403156225,-1.1694581360233092,68.220001,-0.048256014302913194,0.12115292114508325,1,0.26078431372548994
381,-0.5098039215686275,-1.03921568627451,-1.6,-1.3,2.897125011685433,-0.4697242976862521,-0.0618992211207954,-0.8726506717916718,69.059998,-0.1471571013906958,-1.5190193770319513,1,1.0901960784313727
382,0.33333333333333337,-0.5098039215686275,-0.6,-1.6,3.2245742025698165,-0.4649728177590325,0.7422006015482185,-0.05990925259684473,68.849998,-0.10702347025520037,1.1302643958600955,1,0.9333333333333333
383,-1.254901960784314,0.33333333333333337,1.0,-0.6,3.386291437098951,-0.22724327297718278,-1.5379178692096467,0.7441905700721693,60.720001,-0.11705691387280118,-1.1750741098685626,1,-2.2549019607843137
384,0.7450980392156864,-1.254901960784314,-0.7,1.0,3.5922791785953505,-0.10983585338894795,1.1422121094158393,-1.5359279006856958,65.0,-0.5054943734478775,-2.294763694476595,1,1.4450980392156865
385,0.33333333333333337,0.7450980392156864,0.9,-0.7,3.722372980513988,0.039712147888204555,0.32274127626717225,1.14420207793979,63.84,-0.30100328463888204,1.240254941317714,1,-0.5666666666666667
386,-0.5882352941176471,0.33333333333333337,0.7,0.9,3.5257064626264687,0.13416081708640573,-0.6567349911579675,0.3247312447911229,64.029999,-0.3564261160503927,-0.3234382013445371,1,-1.288235294117647
387,-0.5490196078431373,-0.5882352941176471,-1.0,0.7,3.4116000866917475,-0.008619935081460304,-0.24144137105939442,-0.6547450226340169,63.029999,-0.34734828626991365,0.4648981382486382,1,0.4509803921568627
388,0.607843137254902,-0.5490196078431373,-0.5,-1.0,3.687437724178804,-0.09146166308941175,0.9207182642375309,-0.23945140253544375,60.34,-0.3951265892108716,-1.1302065894628823,1,1.107843137254902
389,0.4313725490196079,0.607843137254902,2.2,-0.5,3.6384624624845423,0.10879766818696976,0.15881932030854864,0.9227082327614816,68.099998,-0.5236501763437443,-0.34729132869801227,1,-1.7686274509803923
390,1.3137254901960784,0.4313725490196079,2.2,2.2,4.2127512064294415,0.07324141398855975,0.9688462600656311,0.16080928883249931,67.610001,-0.15289064107851938,2.5080993410846095,1,-0.8862745098039218
391,1.392156862745098,1.3137254901960784,3.5,2.2,4.466203051471091,0.49017755392107776,0.7540935414573384,0.9708362285895819,67.75,-0.17630186618467988,0.31975937627152123,1,-2.107843137254902
392,0.4901960784313726,1.392156862745098,3.7,3.5,4.094860044968423,0.6741847019709425,-0.09223854229274138,0.756083509981289,66.25,-0.16961295155124861,-0.7265862900358234,1,-3.2098039215686276
393,0.37254901960784315,0.4901960784313726,2.5,3.7,3.9209132362321655,0.40458805506711076,0.025041431928545986,-0.09024857376879071,71.470001,-0.24128040596268502,-0.03310497268522056,1,-2.127450980392157
394,0.6470588235294119,0.37254901960784315,0.8,2.5,3.9538531264393884,0.2783019111146988,0.638480469979479,0.02703140045249666,66.839996,0.008122383167416425,1.1731924262696671,1,-0.15294117647058814
395,-0.11764705882352944,0.6470588235294119,2.0,0.8,3.149735438625492,0.3022164154778875,-0.45749912960341055,0.6404704385034297,67.900002,-0.21309139834073185,-1.6273654934858919,1,-2.1176470588235294
396,0.019607843137254898,-0.11764705882352944,1.2,2.0,3.1555146533129443,-0.2815765429311231,-0.08450096133455738,-0.4555091610794598,68.239998,-0.16244611055349906,0.7678765043714191,1,-1.1803921568627451
397,0.0588235294117647,0.019607843137254898,-0.6,1.2,3.1872853463077107,-0.2773808077908592,0.40734551887918813,-0.08251099281060671,68.110001,-0.1462016786667853,-0.14558352573815322,1,0.6588235294117647
398,-0.8823529411764707,0.0588235294117647,0.7,-0.6,3.411333605746725,-0.2543151457177577,-1.0218951378647312,0.40933548740313874,61.880001,-0.1524127147142011,-0.6957154096382103,1,-1.5823529411764707
399,0.7647058823529412,-0.8823529411764707,-0.3,0.7,3.163523160635745,-0.09165512942103439,1.2274872094312077,-1.0199051693407803,62.07,-0.4500715420363668,-1.5485627544933156,1,1.0647058823529412
400,-1.3333333333333335,0.7647058823529412,1.4,-0.3,4.061450330593589,-0.27156659644683523,-1.4422958482877117,1.2294771779551585,60.740002,-0.4409937122558878,-0.24422508710593704,1,-2.7333333333333334
401,0.33333333333333337,-1.3333333333333335,-1.8,1.4,4.054402769605137,0.3803324563033153,0.8149143209206537,-1.4403058797637611,60.029999,-0.5045387596107557,0.25801563233957087,1,2.1333333333333333
402,-1.1764705882352942,0.33333333333333337,0.7,-1.8,4.172520130859074,0.37521589620102264,-1.1233324702857628,0.8169042894446045,59.099998,-0.5384614980337444,-0.8642943470185831,0,-1.8764705882352941
403,-0.13725490196078433,-1.1764705882352942,1.9,0.7,3.571212764042572,0.4609696170940037,-0.40762023595155444,-1.121342501761812,55.650002,-0.5828953675471378,-0.798095717100788,0,-2.037254901960784
404,0.607843137254902,-0.13725490196078433,3.3,1.9,3.619507332957527,0.02441783878244146,0.11656594444892003,-0.4056302674276039,51.709999,-0.7477303215802297,-1.995834591876931,0,-2.692156862745098
405,1.4705882352941178,0.607843137254902,3.8,3.3,4.244238518987898,0.0594799070458554,0.8138041530290727,0.1185559129728707,54.77,-0.9359769785025114,-0.17288953402465057,0,-2.329411764705882
406,1.3529411764705883,1.4705882352941178,3.7,3.8,4.60246146264708,0.5130374805579669,0.6626818633148163,0.8157941215530234,56.130001,-0.7897753237248781,0.6218404974654885,0,-2.347058823529412
407,-0.33333333333333337,1.3529411764705883,3.1,3.7,4.635207817903259,0.7731089044527963,-0.69370943045929,0.664671831838767,54.150002,-0.724796783946873,0.9834860124246515,0,-3.4333333333333336
408,0.23529411764705888,-0.33333333333333337,3.2,3.1,4.6414062001888485,0.7968829015950429,-0.22044911630442846,-0.6917194619353394,58.150002,-0.8193977759916661,-1.430465874794799,0,-2.9647058823529413
409,0.5098039215686275,0.23529411764705888,2.0,3.2,4.683821283757718,0.8013829542449129,0.21589825444040728,-0.2184591477804778,55.220001,-0.6282845642278357,1.1845101213839497,0,-1.4901960784313726
410,1.8627450980392157,0.5098039215686275,2.5,2.0,5.028886255394624,0.8321764904313304,1.1952242141299856,0.21788822296435797,57.700001,-0.7682750396231443,-0.08954448869179635,0,-0.6372549019607843
411,0.5882352941176471,1.8627450980392157,3.0,2.5,5.0008105403630365,1.0826951690875486,0.10605312630315394,1.1972141826539364,60.580002,-0.6497848483295696,1.0417920370299647,0,-2.411764705882353
412,0.07843137254901962,0.5882352941176471,2.9,3.0,4.267521812977925,1.0623120771768382,-0.3284519169598199,0.10804309482710461,62.200001,-0.5121832880813088,0.45552363011701286,0,-2.82156862745098
413,1.6666666666666667,0.07843137254901962,2.5,2.9,4.618826756445904,0.5299412538313768,1.1349000435269316,-0.32646194843586923,62.470001,-0.43478248509526035,0.7909458083781137,0,-0.8333333333333333
414,0.27450980392156865,1.6666666666666667,3.1,2.5,3.73877106692949,0.7849901793293903,-0.20242113728224995,1.1368900120508825,62.360001,-0.42188234330120167,-0.40095241933761205,0,-2.8254901960784315
415,-1.1372549019607845,0.27450980392156865,3.1,3.1,4.474066687843703,0.14606589954613655,-1.4350096188241501,-0.20043116875829928,60.689999,-0.4271379566247073,0.10030408524639166,0,-4.237254901960784
416,1.1176470588235294,-1.1372549019607845,0.9,3.1,4.539189621974655,0.6798937363714925,0.9484152670693452,-1.4330196503001993,63.93,-0.5069278180927123,-0.21065885585353833,0,0.21764705882352942
417,0.23529411764705888,1.1176470588235294,2.2,0.9,4.366079650573441,0.7271732713857533,-0.05280568131222982,0.9504052355932959,65.529999,-0.3521260687857067,1.0058168884181684,0,-1.9647058823529413
418,0.21568627450980396,0.23529411764705888,1.4,2.2,4.1810086502342125,0.6014946749987489,0.0774997727887973,-0.05081571278827915,67.699997,-0.27568083185847725,0.7638283688698579,0,-1.1843137254901959
419,0.37254901960784315,0.21568627450980396,0.6,1.4,3.9962387619390594,0.46713231928750537,0.3962058030314159,0.07948974131274797,65.879997,-0.1720020100332055,0.7198157516843424,0,-0.22745098039215683
